sample number,Cumulative Oil (M m3)_1,Cumulative Oil (M m3)_3,Cumulative Oil (M m3)_5,Cumulative Oil (M m3)_7,Cumulative Oil (M m3)_9,Cumulative Oil (M m3)_11,Oil Rate (m3/day)_1,Oil Rate (m3/day)_3,Oil Rate (m3/day)_5,Oil Rate (m3/day)_7,Oil Rate (m3/day)_9,Oil Rate (m3/day)_11,Initial Sw
1,0.000680579,25.471,49.735,73.408,96.928,119.58,980.04,410.07,397.78,388.08,379.36,371.3,0.25
2,0.0033071,118.83,218.46,302.95,378.49,444.91,4762.3,1828.0,1578.2,1385.0,1218.4,1088.8,0.23
3,0.00110418,45.529,87.461,127.69,167.11,204.59,1590.0,725.02,687.42,659.53,635.76,614.49,0.21
4,0.00366266,138.67,259.88,369.82,470.76,558.22,5274.3,2199.3,1987.1,1802.2,1628.1,1433.7,0.25
5,0.00021358,9.7412,19.257,28.656,38.117,47.345,307.56,159.06,156.0,154.09,152.59,151.28,0.22
6,9.74855e-06,0.50401,0.95654,1.3911,1.8202,2.2331,14.038,7.8906,7.4186,7.1246,6.92,6.7689,0.2
7,0.000711921,34.756,68.642,101.57,134.12,165.31,1025.2,574.33,555.51,539.73,525.09,511.35,0.24
8,0.00223356,99.556,190.82,275.92,356.64,430.87,3216.4,1609.2,1496.1,1395.1,1301.9,1217.0,0.22
9,8.53617e-06,0.44447,0.8486,1.2391,1.6264,2.0008,12.292,6.992,6.6251,6.4009,6.2481,6.1379,0.17
10,0.000164172,8.6642,17.336,25.932,34.61,43.096,236.41,144.33,142.16,140.93,139.97,139.11,0.17
11,0.0014149,57.686,110.54,160.43,208.55,253.64,2037.5,931.19,866.44,817.88,776.19,739.1,0.19
12,0.00420099,165.05,307.46,429.91,537.42,629.27,6049.5,2582.9,2258.4,2007.4,1734.0,1505.7,0.19
13,0.00151976,60.561,117.1,171.31,224.22,274.28,2188.5,973.15,926.87,888.62,853.44,820.6,0.26
14,0.00323909,130.21,241.77,338.84,426.68,501.71,4664.3,2019.2,1772.0,1591.4,1416.7,1230.1,0.25
15,0.00104693,41.056,80.533,118.64,156.06,191.68,1507.6,672.66,647.17,624.68,603.62,583.91,0.26
16,0.000818672,37.831,73.408,107.7,141.36,173.41,1178.9,609.48,583.23,562.11,543.02,525.4,0.26
17,0.00062157,31.438,62.476,92.806,122.95,151.98,895.07,522.01,508.82,497.23,486.23,475.8,0.24
18,0.000282832,14.076,27.652,40.979,54.336,67.319,407.28,229.38,222.55,218.48,215.44,212.83,0.26
19,0.017361,1475.0,2840.6,3716.6,4414.9,4985.2,25000.0,25000.0,17433.0,13624.0,11264.0,9348.4,0.26
20,0.00239804,94.771,179.88,259.19,334.47,403.83,3453.2,1508.9,1395.3,1300.0,1214.3,1137.0,0.17
21,0.00287875,105.54,199.74,287.24,370.08,444.57,4145.4,1678.9,1544.2,1434.5,1336.2,1221.1,0.2
22,0.000349832,16.221,31.741,47.017,62.347,77.254,503.76,261.13,254.43,250.43,247.25,244.38,0.2
23,0.000136506,7.5677,15.103,22.569,30.101,37.463,196.57,125.53,123.54,122.38,121.49,120.69,0.23
24,0.00519757,161.87,293.97,405.63,506.06,594.42,7484.6,2466.9,2076.7,1830.4,1619.9,1448.5,0.24
25,0.00360412,142.77,266.24,377.91,480.84,570.59,5190.0,2249.0,2024.0,1830.7,1660.1,1471.3,0.26
26,0.00122113,58.098,114.08,167.72,219.97,269.26,1758.4,959.32,917.73,879.43,842.67,808.0,0.26
27,5.61209e-05,3.0468,6.0817,9.0979,12.152,15.147,80.815,50.464,49.752,49.446,49.257,49.109,0.24
28,0.00406251,144.86,266.49,369.59,461.2,541.03,5850.1,2210.1,1929.5,1690.2,1477.6,1308.7,0.26
29,0.000919288,43.131,85.221,126.0,166.19,204.55,1323.8,714.49,689.99,668.59,648.17,628.79,0.22
30,0.000382542,18.536,36.677,54.523,72.4,89.75,550.86,304.44,297.4,292.56,288.34,284.42,0.19
31,0.000707386,31.149,61.247,90.595,119.73,147.76,1018.6,508.97,493.41,481.12,469.92,459.51,0.19
32,0.00363904,146.38,272.4,386.28,491.07,582.1,5240.3,2298.0,2065.9,1866.9,1690.1,1492.4,0.22
33,0.000582855,24.474,48.06,70.999,93.75,115.64,839.32,401.05,386.67,376.04,366.96,358.8,0.18
34,6.95239e-05,3.5604,7.1505,10.729,14.356,17.917,100.12,59.191,58.855,58.662,58.507,58.365,0.19
35,0.00179652,82.811,160.45,233.98,304.84,371.03,2587.0,1353.5,1272.9,1205.4,1142.9,1085.1,0.19
36,4.89874e-06,0.27443,0.53792,0.79923,1.0639,1.324,7.0542,4.4181,4.3196,4.2838,4.2694,4.2632,0.25
37,0.00226164,89.626,169.47,243.38,313.14,377.08,3256.8,1425.1,1309.0,1211.6,1125.2,1048.2,0.19
38,0.000124055,4.5192,8.6505,12.685,16.746,20.717,178.64,70.137,67.171,66.135,65.511,65.095,0.25
39,0.00221327,79.39,150.15,215.92,278.33,334.69,3187.1,1264.2,1160.0,1078.2,1006.6,923.88,0.18
40,0.0010681,48.632,94.284,137.9,180.35,220.41,1538.1,788.19,748.4,715.0,684.63,656.78,0.22
41,0.00184807,64.84,122.03,176.25,228.78,277.54,2661.2,1005.3,937.57,888.73,847.29,799.35,0.17
42,0.00229104,74.548,141.99,205.8,266.34,322.06,3299.1,1179.7,1105.7,1045.9,976.51,913.52,0.17
43,0.00522076,189.95,350.98,486.3,603.96,705.17,7517.9,2945.7,2548.7,2218.3,1897.8,1659.2,0.26
44,0.00122371,47.505,91.885,134.32,175.68,214.76,1762.1,766.33,727.54,695.74,667.05,640.69,0.24
45,0.00435593,138.59,244.68,334.31,415.71,487.87,6272.6,2020.0,1660.9,1469.4,1312.9,1183.0,0.18
46,0.00242713,107.85,207.54,300.52,388.64,469.55,3495.1,1753.0,1634.3,1524.3,1421.2,1326.5,0.23
47,0.000521963,26.641,53.051,78.922,104.7,129.57,751.63,442.9,432.94,424.12,415.7,407.7,0.19
48,0.00125769,54.227,106.13,155.94,204.57,250.55,1811.1,889.01,850.84,816.65,784.26,753.87,0.21
49,0.00012876,5.6445,11.021,16.325,21.674,26.908,185.42,90.671,88.135,86.949,86.276,85.808,0.19
50,0.017361,1475.0,2838.5,3636.7,4276.5,4807.0,25000.0,25000.0,15344.0,12460.0,10319.0,8697.2,0.21
51,0.00111544,45.163,84.473,121.49,157.32,191.12,1606.2,700.3,644.43,606.79,578.0,554.11,0.21
52,0.000929322,40.761,80.162,118.33,155.94,191.88,1338.2,669.42,645.93,625.65,606.74,589.04,0.22
53,0.000653006,23.539,46.117,68.298,90.473,111.95,940.33,378.53,370.13,363.63,357.66,352.0,0.26
54,7.70356e-05,4.1547,8.2857,12.38,16.518,20.571,110.93,68.922,67.722,67.126,66.74,66.443,0.2
55,0.00256451,97.048,179.22,252.08,318.49,377.58,3692.9,1484.8,1308.5,1194.5,1071.0,968.73,0.21
56,0.000383956,17.0,33.087,48.837,64.59,79.875,552.9,273.14,263.72,258.2,254.08,250.57,0.17
57,0.00217151,87.471,164.71,236.39,304.38,367.02,3127.0,1386.1,1266.3,1175.1,1096.6,1026.9,0.23
58,0.0008589,39.197,77.624,115.0,151.96,187.37,1236.8,650.3,629.95,612.69,596.2,580.44,0.25
59,3.03147e-06,0.16573,0.31489,0.45799,0.59912,0.73486,4.3653,2.6036,2.4452,2.3459,2.2763,2.2252,0.25
60,0.00230987,88.367,167.74,241.88,312.46,377.67,3326.2,1404.2,1301.2,1215.4,1138.4,1069.0,0.23
61,0.00187774,81.172,154.12,221.95,286.33,345.71,2704.0,1298.9,1195.9,1111.9,1038.5,973.37,0.19
62,0.000265812,12.79,25.567,38.237,51.011,63.482,382.77,211.93,209.46,207.7,206.04,204.44,0.22
63,0.00440665,163.5,304.2,431.05,544.89,643.73,6345.6,2571.3,2306.6,2079.5,1836.2,1620.3,0.23
64,0.00244554,91.462,174.26,251.64,325.27,393.21,3521.6,1460.7,1357.3,1268.6,1187.5,1113.7,0.26
65,0.00364495,143.11,265.37,371.15,464.96,546.09,5248.8,2223.4,1939.3,1734.1,1513.1,1329.9,0.18
66,0.000424983,18.506,36.662,54.512,72.374,89.688,611.98,304.17,297.64,292.62,288.09,283.83,0.25
67,0.00412622,144.44,269.29,381.2,481.56,570.15,5941.8,2270.4,2046.8,1834.5,1618.8,1452.2,0.18
68,0.00350059,127.12,235.72,334.59,423.94,502.93,5040.9,1968.9,1780.4,1620.8,1441.1,1294.9,0.18
69,0.00166659,69.145,134.38,196.79,257.56,314.9,2399.9,1125.9,1069.4,1023.1,980.13,940.1,0.17
70,0.00168878,67.964,131.38,191.56,249.74,304.29,2431.9,1105.1,1039.6,986.52,938.44,894.31,0.25
71,0.000713137,37.871,75.444,112.07,148.37,183.2,1026.9,633.15,615.96,600.45,585.43,571.08,0.26
72,0.000117709,5.8784,11.667,17.391,23.162,28.8,169.5,96.637,94.892,93.846,93.072,92.432,0.25
73,0.017361,1475.0,3000.0,4296.8,5200.2,5925.2,25000.0,25000.0,25000.0,18654.0,14570.0,11886.0,0.17
74,0.000737222,35.747,70.809,104.92,138.66,171.0,1061.6,592.93,574.79,559.12,544.27,530.22,0.23
75,0.000732868,34.24,67.727,100.45,132.99,164.33,1055.3,565.42,548.97,536.42,524.81,513.8,0.21
76,0.00555391,202.46,369.97,511.23,628.88,729.56,7997.7,3089.7,2642.3,2208.8,1897.5,1650.6,0.18
77,0.00139047,57.304,111.85,164.23,215.39,263.81,2002.3,936.24,894.23,858.6,825.21,793.83,0.23
78,0.000299878,15.206,30.304,45.137,59.964,74.326,431.83,252.82,247.52,243.15,239.15,235.44,0.18
79,0.000156319,7.7734,15.508,23.176,30.918,38.49,225.1,128.6,126.79,125.71,124.87,124.12,0.21
80,0.000379468,15.339,29.699,43.712,57.706,71.276,546.44,245.87,235.41,229.71,225.72,222.46,0.26
81,0.00189531,71.743,136.31,197.23,255.87,310.61,2729.3,1133.2,1058.4,998.83,945.74,897.39,0.23
82,0.00121269,50.117,97.307,142.48,186.54,228.21,1746.3,814.86,773.6,740.56,710.65,683.11,0.25
83,9.3367e-05,4.9449,9.9281,14.89,19.915,24.843,134.45,82.243,81.691,81.343,81.053,80.788,0.19
84,0.00173391,72.579,136.53,194.38,249.14,299.56,2496.8,1139.2,1023.1,948.41,883.24,826.45,0.22
85,0.000539531,26.031,51.187,75.672,99.967,123.34,776.93,427.34,412.39,401.39,391.86,383.22,0.21
86,0.00109648,52.144,102.6,151.32,199.18,244.72,1578.9,860.78,827.18,798.66,771.86,746.67,0.22
87,0.00175441,60.893,116.24,168.95,220.16,268.33,2526.4,962.43,907.33,864.15,825.91,789.62,0.18
88,0.000911251,38.061,73.869,108.36,142.22,174.45,1312.2,613.77,587.01,565.43,546.1,528.46,0.17
89,0.000508513,24.135,47.624,70.504,93.225,115.11,732.26,398.59,385.08,375.07,366.48,358.73,0.26
90,0.00037382,17.175,34.056,50.64,67.229,83.31,538.3,282.91,276.73,271.87,267.56,263.63,0.17
91,0.017361,1475.0,3000.0,4264.9,5132.4,5815.2,25000.0,25000.0,25000.0,18098.0,13991.0,11194.0,0.21
92,7.85716e-06,0.39669,0.75567,1.103,1.4476,1.7803,11.314,6.2024,5.8848,5.6933,5.5582,5.4543,0.21
93,0.00114515,54.47,105.57,154.35,201.86,246.74,1649.0,886.0,837.67,799.76,766.22,735.69,0.24
94,0.00318735,134.12,255.21,366.54,470.54,564.7,4589.8,2163.4,1985.1,1825.0,1677.4,1543.7,0.25
95,0.000387173,17.679,35.194,52.468,69.805,86.659,557.53,292.31,287.13,283.18,279.62,276.29,0.17
96,0.000334698,15.125,29.82,44.283,58.784,72.87,481.97,246.37,240.89,237.11,233.88,230.93,0.22
97,1.59556e-05,1.0625,2.1516,3.2393,4.3438,5.4294,22.976,17.891,17.853,17.831,17.814,17.798,0.23
98,0.00652471,213.64,362.73,481.74,578.42,662.57,9395.6,3060.4,2280.4,1858.5,1559.3,1379.6,0.25
99,8.9171e-05,4.7312,9.4795,14.205,18.99,23.682,128.41,78.46,77.841,77.474,77.177,76.908,0.26
100,5.91765e-05,3.1114,6.2391,9.3539,12.51,15.607,85.215,51.666,51.273,51.062,50.904,50.767,0.17
101,0.000294653,15.669,31.197,46.464,61.756,76.599,424.3,260.81,254.55,250.27,246.64,243.34,0.23
102,0.00184838,84.286,163.2,237.75,309.36,376.05,2661.7,1371.9,1293.7,1222.1,1155.0,1093.3,0.22
103,0.00148911,60.983,117.82,172.3,225.48,275.82,2144.3,979.33,931.82,892.98,857.74,825.26,0.2
104,0.00189753,78.087,149.3,216.36,280.74,340.72,2732.5,1253.5,1167.4,1099.3,1038.5,983.19,0.19
105,0.000826,35.08,67.05,97.79,128.08,157.09,1189.4,556.58,524.1,503.92,488.59,475.56,0.19
106,0.000761607,31.039,60.59,89.238,117.55,144.69,1096.7,503.4,484.44,469.63,456.67,444.88,0.24
107,0.00402544,144.86,268.76,376.09,471.36,555.13,5796.7,2233.6,1970.8,1759.5,1536.7,1373.3,0.23
108,0.00105444,47.419,92.132,134.98,176.85,216.54,1518.4,770.83,733.01,702.48,675.32,650.58,0.2
109,0.00213733,83.597,158.19,227.63,293.66,354.64,3077.8,1327.3,1222.8,1138.5,1065.0,999.74,0.18
110,0.000242164,13.247,26.391,39.315,52.256,64.817,348.72,220.29,215.48,211.86,208.74,205.91,0.23
111,0.00640348,215.76,378.99,511.94,622.12,714.72,9221.1,3188.3,2507.4,2081.1,1777.2,1517.9,0.17
112,0.000488128,21.544,42.099,62.091,81.953,101.11,702.91,350.34,336.97,327.73,320.37,314.07,0.18
113,0.000955259,43.357,85.372,126.03,166.05,204.22,1375.6,713.76,688.76,666.51,645.5,625.71,0.22
114,0.000755866,36.77,72.339,106.82,140.85,173.4,1088.5,604.94,583.1,565.26,548.86,533.54,0.24
115,0.00335607,131.21,244.05,342.24,429.95,505.97,4832.8,2041.7,1792.5,1609.7,1414.7,1246.2,0.21
116,0.00104393,47.225,93.119,137.6,181.44,223.29,1503.3,777.92,752.37,729.23,707.05,686.01,0.19
117,9.67055e-05,5.2578,10.562,15.836,21.172,26.399,139.26,87.778,86.951,86.46,86.059,85.689,0.26
118,0.000576899,24.921,48.793,72.025,95.087,117.29,830.74,405.87,391.34,380.86,371.97,363.97,0.24
119,0.000208238,9.445,18.348,27.095,35.882,44.447,299.86,150.84,145.95,143.39,141.72,140.42,0.19
120,0.0028841,124.11,235.9,339.12,436.07,524.36,4153.1,1994.2,1832.6,1692.1,1563.7,1447.4,0.18
121,0.000411177,16.786,33.184,49.292,65.412,81.044,592.1,275.73,268.82,264.06,259.99,256.26,0.25
122,0.000106714,5.4464,10.83,16.166,21.556,26.833,153.67,89.58,88.25,87.482,86.938,86.5,0.21
123,0.00251376,100.2,190.06,271.47,348.23,418.42,3619.8,1591.4,1439.7,1334.7,1237.9,1150.7,0.25
124,0.000134593,6.5026,12.795,19.014,25.289,31.427,193.81,105.67,103.16,101.95,101.2,100.63,0.23
125,0.00522306,191.48,354.31,492.02,611.98,715.45,7521.3,2970.9,2579.6,2257.6,1934.8,1696.2,0.22
126,0.00114645,51.442,99.579,145.6,190.46,232.87,1650.9,832.01,789.13,754.48,723.48,695.21,0.2
127,0.000155591,8.4011,16.842,25.217,33.674,41.942,224.05,140.08,138.38,137.3,136.39,135.55,0.22
128,0.000724798,32.988,64.316,94.733,124.84,153.72,1043.7,533.75,513.57,498.64,485.54,473.45,0.26
129,0.00110137,40.739,77.162,111.91,145.93,178.34,1586.0,640.35,597.09,569.58,548.77,531.34,0.17
130,0.00109009,47.965,93.857,138.22,181.88,223.53,1569.7,782.92,752.33,727.27,704.23,682.76,0.2
131,0.00421647,153.94,288.91,411.6,523.12,620.4,6071.8,2440.4,2212.7,2011.3,1798.6,1594.8,0.24
132,0.000990779,41.511,81.233,119.66,157.54,193.75,1426.7,679.4,651.17,629.91,611.0,593.65,0.2
133,0.00218942,88.756,167.21,239.59,307.92,370.64,3152.8,1414.3,1286.1,1186.7,1102.0,1028.1,0.26
134,0.00188336,75.574,143.99,208.21,269.64,326.66,2712.1,1202.3,1121.5,1052.8,990.87,934.72,0.24
135,0.00131395,55.759,107.96,157.47,205.3,250.13,1892.1,907.35,855.69,811.64,771.53,734.93,0.26
136,0.000517606,19.437,37.725,55.664,73.605,91.002,745.36,308.6,299.8,294.07,289.38,285.19,0.17
137,0.00125497,55.696,108.12,158.24,207.03,253.09,1807.2,904.57,859.38,821.6,787.01,755.06,0.19
138,5.99001e-06,0.38815,0.78202,1.1753,1.5748,1.9676,8.6257,6.4813,6.4568,6.4479,6.4431,6.4398,0.19
139,0.00490991,179.35,325.07,445.57,545.72,631.57,7070.3,2721.1,2289.7,1882.4,1615.4,1407.3,0.17
140,0.00152075,55.605,104.89,150.03,193.04,232.12,2189.9,865.01,791.44,740.08,693.7,640.55,0.25
141,0.0013177,52.561,101.14,147.93,193.84,237.5,1897.5,833.48,796.31,767.08,740.46,715.71,0.21
142,0.000748784,35.014,68.221,100.27,131.81,161.93,1078.3,568.7,544.38,525.33,508.72,493.8,0.19
143,0.00109305,44.425,85.439,124.72,163.16,199.69,1574.0,710.82,672.36,643.9,620.03,598.88,0.18
144,0.00129702,50.978,98.311,143.6,187.79,229.62,1867.7,818.09,775.95,742.48,712.78,685.72,0.18
145,0.000351118,15.45,30.661,45.647,60.681,75.293,505.61,254.4,249.36,245.67,242.48,239.54,0.23
146,0.00371445,125.42,232.74,326.16,408.3,481.14,5348.8,1939.6,1706.3,1481.3,1324.9,1194.0,0.18
147,0.000942688,40.611,80.101,118.44,156.3,192.5,1357.5,668.64,647.39,628.55,610.57,593.49,0.22
148,0.00163097,64.378,124.58,182.07,237.95,290.58,2348.6,1038.7,986.95,942.46,901.2,862.88,0.2
149,0.000163686,8.6834,17.397,26.034,34.749,43.269,235.71,144.9,142.84,141.59,140.58,139.67,0.18
150,0.00149689,65.232,124.33,179.93,233.38,283.28,2155.5,1041.7,968.74,911.54,862.06,818.1,0.21
151,0.00103446,51.123,100.49,148.11,194.85,239.31,1489.6,843.0,809.34,780.57,753.84,728.94,0.19
152,0.00163063,73.698,142.87,208.66,272.29,331.94,2348.1,1196.4,1133.9,1078.5,1026.4,977.78,0.21
153,0.00133008,53.886,104.37,152.63,199.63,244.01,1915.3,871.51,827.64,791.14,758.0,727.56,0.18
154,0.00382326,142.86,267.4,380.67,484.09,574.29,5505.5,2256.0,2041.7,1856.9,1668.1,1478.6,0.18
155,0.000451612,21.257,41.449,61.038,80.455,99.139,650.33,345.71,331.01,321.13,313.19,306.28,0.24
156,0.000995625,44.868,88.089,129.85,170.91,210.02,1433.7,735.92,708.54,684.63,662.23,641.21,0.21
157,0.000186679,9.5086,18.777,27.919,37.115,46.08,268.82,155.47,151.94,149.88,148.31,146.96,0.24
158,0.000151214,6.9309,13.676,20.362,27.116,33.726,217.75,112.43,110.57,109.62,108.93,108.35,0.18
159,0.00106364,47.814,93.587,137.33,179.87,219.99,1531.7,789.96,750.38,717.02,686.23,657.74,0.26
160,0.00150128,60.858,116.9,170.24,221.97,270.62,2161.9,971.76,918.72,874.47,834.35,797.55,0.26
161,0.000956996,40.481,78.89,115.93,152.35,187.09,1378.1,659.56,629.65,607.21,587.45,569.4,0.22
162,0.00613617,215.16,391.8,536.9,656.45,757.54,8836.1,3291.7,2774.2,2266.4,1928.4,1657.1,0.22
163,0.00259,107.38,203.74,292.96,377.09,454.05,3729.6,1718.2,1579.7,1462.6,1356.9,1261.7,0.24
164,0.00167426,62.758,120.44,175.34,228.65,278.86,2410.9,1004.0,945.57,900.1,859.78,823.04,0.17
165,0.00239931,92.788,176.12,253.65,327.15,394.81,3455.0,1478.1,1366.1,1270.9,1185.6,1109.1,0.22
166,0.00120818,52.18,101.23,148.03,193.53,236.45,1739.8,848.68,804.18,767.15,733.84,703.54,0.26
167,0.00059771,24.3,47.483,70.016,92.372,113.89,860.71,395.61,380.05,369.41,360.58,352.72,0.25
168,0.0018957,80.779,154.89,224.39,290.73,352.15,2729.8,1303.1,1215.0,1139.3,1070.0,1006.9,0.21
169,0.00264333,94.122,177.55,254.78,327.16,392.06,3806.4,1487.8,1367.6,1266.1,1167.4,1063.9,0.24
170,0.000233012,9.8267,18.839,27.622,36.406,44.947,335.54,155.19,147.75,143.97,141.68,140.02,0.24
171,0.00588358,221.67,407.15,558.8,687.69,796.14,8472.4,3435.4,2920.2,2486.1,2079.0,1777.8,0.24
172,0.000569965,27.517,54.473,80.902,107.27,132.76,820.75,453.53,441.91,433.25,425.33,417.85,0.19
173,0.000225066,11.476,22.918,34.251,45.673,56.821,324.1,190.13,187.57,185.79,184.22,182.77,0.18
174,0.000168716,8.6569,17.159,25.574,34.06,42.351,242.95,141.89,139.37,137.95,136.87,135.93,0.22
175,0.000644531,29.302,58.154,86.36,114.42,141.46,928.13,486.35,472.99,462.4,452.58,443.31,0.19
176,0.00160517,70.133,136.05,198.78,259.49,316.44,2311.5,1140.0,1080.6,1028.3,979.28,933.54,0.22
177,0.00452606,166.25,311.28,437.78,552.26,648.83,6517.6,2615.4,2306.5,2073.7,1783.3,1583.1,0.2
178,0.00239235,96.762,183.68,264.06,339.87,409.26,3445.0,1554.7,1424.9,1317.7,1222.6,1137.7,0.25
179,0.00632203,226.45,412.97,566.42,691.44,796.43,9103.8,3488.2,2929.2,2392.0,2016.5,1721.1,0.25
180,0.00126165,52.974,102.61,150.04,196.23,239.84,1816.8,858.45,813.64,777.62,745.01,714.91,0.26
181,0.0010915,43.513,85.503,126.25,166.44,204.86,1571.8,710.98,688.36,667.91,648.36,629.84,0.24
182,0.000674938,32.436,63.898,94.458,124.69,153.67,971.92,534.59,515.76,500.99,487.59,475.13,0.18
183,0.000380085,14.402,27.734,40.669,53.538,65.989,547.33,229.3,218.55,212.06,207.56,204.11,0.17
184,7.41289e-05,4.2663,8.523,12.755,17.04,21.242,106.75,70.618,69.782,69.382,69.109,68.882,0.17
185,0.00189784,75.859,146.45,213.27,277.65,337.78,2732.9,1232.0,1157.3,1095.3,1038.4,985.85,0.2
186,4.123e-07,0.0280391,0.0546157,0.0806003,0.10656,0.13175,0.59372,0.45108,0.43568,0.42598,0.41868,0.41294,0.23
187,0.000398155,21.393,42.167,62.389,82.489,101.88,573.35,353.72,340.56,331.51,324.19,317.89,0.17
188,0.00576683,208.97,383.99,531.2,652.96,756.5,8304.3,3242.1,2758.2,2300.4,1963.9,1697.4,0.23
189,0.00254707,101.78,192.96,277.3,356.77,429.42,3667.8,1630.6,1494.8,1382.6,1281.8,1190.9,0.26
190,0.00440294,171.08,313.92,433.21,534.73,620.92,6340.3,2639.6,2251.9,1955.5,1637.4,1412.9,0.24
191,0.00107541,49.564,96.423,141.51,185.68,227.63,1548.6,803.88,768.18,739.05,712.47,687.74,0.2
192,0.00261587,113.08,216.18,312.12,402.89,486.14,3766.9,1822.6,1690.2,1572.8,1464.1,1364.8,0.21
193,0.000350761,17.781,35.188,52.28,69.375,85.947,505.1,292.61,285.37,280.19,275.74,271.66,0.26
194,0.00162267,66.816,126.18,181.45,234.03,282.63,2336.7,1057.0,973.12,906.1,848.01,796.73,0.17
195,0.00155802,54.097,102.44,148.58,193.57,236.02,2243.6,841.58,792.43,756.43,725.64,696.03,0.17
196,0.00426165,152.76,283.56,402.41,511.58,605.34,6136.8,2373.4,2144.3,1948.3,1707.5,1537.0,0.21
197,0.000102405,5.5325,11.112,16.662,22.279,27.785,147.46,92.319,91.46,90.988,90.604,90.252,0.18
198,0.000426572,19.892,39.398,58.53,77.639,96.133,614.27,328.27,319.77,313.64,308.22,303.17,0.23
199,0.00276562,103.52,193.2,272.79,345.24,409.5,3982.5,1612.1,1429.8,1304.8,1168.5,1053.4,0.19
200,0.00133791,57.427,111.4,162.92,213.0,260.19,1926.6,932.22,884.81,844.63,807.68,773.55,0.24
201,0.000909973,38.811,76.333,112.79,148.83,183.34,1310.4,636.22,615.11,597.66,581.27,565.77,0.2
202,0.00114171,51.729,100.67,147.77,193.92,237.78,1644.1,839.81,802.38,772.01,744.45,718.99,0.19
203,0.000821466,41.895,82.65,122.18,161.19,198.49,1182.9,691.36,668.13,648.08,629.2,611.39,0.2
204,0.00254194,98.788,184.24,260.83,332.58,396.08,3660.4,1525.6,1365.2,1255.5,1157.3,1041.0,0.19
205,0.000238745,12.296,24.573,36.727,48.966,60.901,343.8,203.88,201.26,199.25,197.4,195.66,0.17
206,0.00219984,88.821,169.8,246.12,319.34,387.43,3167.8,1416.4,1327.5,1251.2,1180.9,1116.2,0.19
207,0.00079379,39.424,76.074,110.98,144.97,177.12,1143.1,638.23,600.81,572.29,548.16,527.0,0.22
208,0.000229968,9.9406,19.703,29.362,39.094,48.593,331.16,162.81,160.04,158.34,156.96,155.72,0.22
209,0.017361,1475.0,2543.7,3167.3,3694.1,4153.6,25000.0,25000.0,12314.0,9586.7,8496.3,7533.3,0.24
210,0.000290984,16.596,33.264,49.735,66.284,82.383,419.02,277.08,273.25,270.02,266.91,263.93,0.21
211,0.000111199,5.6535,11.263,16.817,22.42,27.899,160.13,93.486,91.961,91.049,90.376,89.818,0.17
212,0.000482022,24.355,48.305,71.734,95.061,117.56,694.12,402.99,392.63,384.08,376.24,368.91,0.24
213,0.00186248,77.659,149.21,216.44,280.75,340.42,2682.0,1255.5,1173.0,1102.1,1037.3,978.13,0.24
214,0.00201019,75.951,144.72,209.14,270.71,327.84,2894.7,1214.7,1127.3,1056.1,993.07,936.64,0.25
215,0.00109543,56.73,111.23,163.37,214.12,261.99,1577.4,938.53,893.38,854.81,818.62,784.77,0.23
216,0.000436768,21.71,42.801,63.462,84.094,104.07,628.95,355.9,345.75,338.71,332.78,327.41,0.21
217,3.19315e-05,1.9921,4.0135,6.0278,8.0705,10.077,45.982,33.379,33.137,33.021,32.946,32.887,0.26
218,0.000203517,10.051,19.873,29.586,39.375,48.935,293.07,164.33,161.02,159.23,157.9,156.72,0.19
219,0.0011465,50.163,96.537,140.58,183.28,223.44,1651.0,807.91,760.23,722.09,688.59,658.49,0.26
220,0.017361,1475.0,2917.4,3822.9,4544.6,5136.2,25000.0,25000.0,17891.0,14110.0,11641.0,9699.5,0.23
221,0.000226192,11.141,22.172,33.067,44.024,54.699,325.72,184.03,180.83,178.61,176.72,174.99,0.22
222,0.00135126,60.829,118.15,172.88,226.05,276.14,1945.8,988.82,939.74,897.16,857.66,821.0,0.22
223,0.00114705,48.234,93.35,136.62,178.92,219.01,1651.8,778.33,739.61,709.37,682.26,657.23,0.26
224,0.002938,92.497,169.04,236.63,298.19,354.16,4230.7,1406.4,1205.8,1080.7,992.93,917.57,0.24
225,0.000896464,43.41,85.241,125.46,164.83,202.2,1290.9,716.75,685.76,659.36,635.04,612.6,0.21
226,0.00363708,128.79,237.79,330.38,413.04,485.42,5237.4,1977.9,1729.8,1517.8,1333.3,1186.6,0.26
227,0.00576971,210.93,388.26,538.6,663.02,769.09,8308.4,3275.6,2797.6,2339.9,2006.7,1738.9,0.19
228,0.000465879,24.063,47.962,71.417,94.843,117.51,670.87,401.4,391.79,384.5,377.84,371.58,0.21
229,0.000511447,25.978,51.139,75.613,99.866,123.17,736.49,426.84,412.47,401.21,391.18,382.03,0.21
230,0.000677377,34.081,67.237,99.448,131.29,161.79,975.43,561.82,543.54,528.05,513.6,500.03,0.22
231,0.00257073,95.616,178.02,252.68,322.58,385.8,3701.9,1471.4,1318.1,1224.0,1127.4,1036.5,0.22
232,0.000728199,33.602,65.177,95.525,125.28,153.59,1048.6,543.14,517.61,497.51,479.9,464.05,0.25
233,5.98048e-05,2.0996,3.8861,5.6367,7.4066,9.1426,86.119,30.659,29.034,28.698,28.546,28.459,0.23
234,0.00122395,53.104,101.63,147.56,191.94,233.58,1762.5,849.67,795.48,752.95,715.89,682.64,0.24
235,0.000180709,8.5172,16.851,25.102,33.419,41.54,260.22,138.77,136.62,135.27,134.14,133.13,0.19
236,0.00057003,27.438,53.445,78.575,103.36,127.1,820.85,446.58,426.34,411.96,399.84,389.08,0.21
237,0.00180672,78.032,150.54,219.02,284.79,346.03,2601.7,1263.2,1188.7,1122.5,1060.9,1004.0,0.26
238,0.0011313,52.955,102.9,150.53,196.87,240.62,1629.1,866.8,818.69,780.86,747.47,717.25,0.2
239,0.00245238,107.33,203.24,291.74,374.9,450.71,3531.4,1713.7,1572.3,1450.9,1341.2,1242.8,0.22
240,0.00257906,104.74,196.12,277.42,353.04,420.26,3713.9,1632.0,1458.3,1332.7,1219.8,1101.9,0.21
241,0.0011612,52.001,100.79,147.51,193.11,236.28,1672.1,841.73,799.74,765.93,735.6,707.7,0.24
242,0.00041042,18.813,37.378,55.663,73.99,91.782,591.01,311.08,304.35,299.74,295.6,291.68,0.26
243,0.00206746,82.079,156.53,226.47,293.44,355.67,2977.2,1309.4,1220.4,1146.6,1080.3,1020.1,0.18
244,0.0011301,36.942,70.597,102.91,134.66,164.65,1627.4,583.77,551.72,529.79,511.99,491.67,0.19
245,0.00114383,47.473,93.044,137.11,180.47,221.79,1647.1,776.42,747.07,722.46,699.3,677.43,0.23
246,0.00184784,71.654,137.58,200.1,260.52,317.14,2660.9,1148.4,1080.7,1025.0,974.55,928.16,0.19
247,0.00271311,110.24,209.27,301.13,387.96,467.57,3906.9,1767.4,1623.4,1505.9,1400.4,1305.2,0.17
248,0.000552553,27.405,54.601,81.3,107.96,133.75,795.68,455.53,445.84,437.69,430.0,422.7,0.2
249,0.00394769,131.17,242.79,343.36,431.73,510.04,5684.7,2041.0,1829.8,1592.0,1425.5,1283.7,0.24
250,0.000718108,25.844,50.316,74.224,98.018,120.97,1034.1,413.59,401.17,391.93,383.78,376.27,0.21
251,0.000436746,19.238,37.586,55.444,73.195,90.323,628.92,312.33,300.78,292.75,286.31,280.79,0.18
252,0.000432648,20.663,40.665,60.266,79.846,98.802,623.02,337.98,327.91,321.32,315.81,310.76,0.25
253,0.000541162,22.956,45.037,66.66,88.232,109.08,779.28,372.81,361.98,354.48,347.93,341.83,0.22
254,0.000208949,9.1337,17.522,25.667,33.792,41.678,300.89,144.74,137.51,133.52,131.05,129.29,0.25
255,0.00110393,47.128,91.912,135.18,177.75,218.36,1589.7,766.13,734.17,709.27,686.7,665.64,0.2
256,0.017361,1396.8,2236.2,2761.5,3211.0,3603.9,25000.0,20043.0,11416.0,8150.9,7248.9,6441.7,0.25
257,0.00217844,75.764,140.83,201.5,258.19,310.04,3137.0,1163.5,1066.6,994.59,914.37,850.04,0.19
258,0.000436829,19.195,37.86,56.229,74.633,92.494,629.04,312.82,305.98,301.14,296.84,292.8,0.2
259,0.00014399,7.4411,14.79,22.074,29.429,36.624,207.35,122.42,120.47,119.41,118.63,117.96,0.23
260,0.00250646,101.81,194.7,281.64,364.42,440.83,3609.3,1637.8,1522.8,1425.3,1335.2,1252.6,0.23
261,0.000243806,10.655,20.975,31.16,41.401,51.38,351.08,172.85,169.17,166.96,165.19,163.59,0.24
262,0.000398487,17.075,33.945,50.577,67.261,83.472,573.83,281.61,276.55,272.65,269.1,265.76,0.21
263,0.000544098,22.146,42.804,63.0,83.148,102.64,783.51,350.72,338.64,331.09,324.97,319.47,0.25
264,0.000416892,21.272,42.556,63.546,84.589,105.02,600.33,354.46,348.93,344.08,339.4,334.91,0.18
265,0.00576513,213.16,393.01,542.26,670.65,779.77,8301.8,3306.3,2840.2,2446.7,2070.9,1788.9,0.25
266,0.00317547,120.53,225.6,321.44,410.46,488.49,4572.7,1904.0,1722.5,1571.2,1435.8,1279.1,0.2
267,0.000353615,16.802,33.504,49.974,66.505,82.578,509.21,279.09,273.81,270.0,266.63,263.48,0.22
268,0.00108056,49.687,97.524,143.79,189.3,232.68,1556.0,814.18,784.21,758.38,734.11,711.22,0.18
269,9.95912e-05,5.78,11.631,17.456,23.353,29.134,143.41,96.589,95.916,95.492,95.122,94.772,0.22
270,0.000296846,15.006,29.854,44.495,59.187,73.47,427.46,247.92,243.4,240.01,236.98,234.14,0.25
271,0.000292732,12.959,25.848,38.595,51.421,63.917,421.54,214.32,211.29,208.97,206.87,204.86,0.25
272,0.00429465,167.15,310.73,439.03,553.78,651.67,6184.3,2639.1,2353.8,2103.3,1850.9,1604.7,0.22
273,0.00264516,111.87,208.82,296.78,378.21,451.45,3809.1,1769.1,1589.4,1442.0,1313.4,1200.6,0.22
274,0.00298929,119.95,223.87,318.83,407.34,486.17,4304.6,1882.5,1703.7,1556.6,1427.5,1292.3,0.17
275,0.000550375,23.168,44.484,64.966,85.282,104.84,792.54,365.13,345.57,335.77,327.68,320.62,0.18
276,0.00348884,129.34,242.45,343.78,437.24,519.88,5024.0,2017.7,1807.6,1661.3,1507.3,1354.8,0.21
277,0.00196515,72.25,136.06,194.3,249.85,300.39,2829.8,1132.4,1022.6,954.81,896.03,828.49,0.18
278,0.000925825,45.894,90.048,132.56,174.2,213.72,1333.2,754.72,723.83,696.91,671.62,647.83,0.26
279,0.00171788,75.75,147.39,215.8,282.22,344.7,2473.8,1232.7,1174.4,1121.5,1071.3,1024.3,0.24
280,0.0010013,46.864,92.305,136.2,179.35,220.46,1441.9,775.22,744.94,719.58,695.97,673.87,0.21
281,0.0015742,74.093,143.99,210.38,274.56,334.7,2266.9,1213.7,1145.9,1088.4,1035.1,985.93,0.19
282,0.00171863,69.404,134.32,195.95,255.57,311.5,2474.8,1131.3,1064.3,1010.3,961.56,916.96,0.17
283,3.53988e-05,2.3066,4.6681,7.0246,9.4151,11.763,50.975,38.829,38.713,38.63,38.556,38.487,0.18
284,1.7362e-05,0.98446,1.9738,2.9612,3.9636,4.9489,25.001,16.302,16.219,16.187,16.168,16.152,0.19
285,0.000863196,38.781,75.937,111.97,147.56,181.62,1243.0,631.7,609.11,590.79,573.99,558.35,0.17
286,0.00419336,145.98,270.63,377.22,473.1,557.54,6038.5,2251.3,1982.0,1747.4,1546.5,1384.1,0.19
287,0.000198861,10.441,20.77,30.949,41.171,51.121,286.36,173.21,169.32,166.87,164.88,163.1,0.22
288,0.00232831,88.434,166.7,239.49,308.54,371.99,3352.8,1392.7,1283.0,1193.4,1113.7,1040.1,0.23
289,0.00256169,79.489,148.37,212.53,273.82,330.78,3688.9,1222.0,1129.3,1051.8,988.41,933.81,0.17
290,0.000680655,27.219,52.8,77.723,102.5,126.37,980.15,435.13,419.36,408.58,399.56,391.42,0.2
291,4.12301e-07,0.02831,0.0554708,0.082278,0.10929,0.1357,0.59372,0.45666,0.44526,0.43946,0.43569,0.43297,0.17
292,0.000432709,20.878,41.073,60.866,80.648,99.813,623.1,341.39,331.07,324.48,319.06,314.17,0.18
293,9.0453e-06,0.53386,1.0717,1.6083,2.1532,2.6888,13.025,8.8605,8.8164,8.7977,8.7876,8.7809,0.24
294,0.00515945,175.66,316.49,434.94,535.99,623.83,7429.7,2636.8,2198.4,1868.7,1629.8,1440.0,0.22
295,0.001111,44.085,84.969,124.14,162.41,198.68,1599.8,706.1,670.22,642.12,617.29,594.64,0.2
296,6.29545e-05,3.9035,7.8959,11.876,15.911,19.87,90.655,65.733,65.449,65.253,65.073,64.9,0.25
297,0.00141879,65.301,125.52,182.84,238.44,290.75,2043.1,1046.8,987.27,939.52,896.77,857.67,0.19
298,0.00155725,59.617,116.08,170.37,223.46,273.78,2242.5,966.15,925.61,889.97,856.37,824.88,0.26
299,2.91036e-07,0.0174917,0.0311724,0.0435221,0.0554035,0.0665844,0.4191,0.25189,0.21764,0.20245,0.19164,0.18329,0.22
300,3.10423e-06,0.18495,0.35736,0.52504,0.6921,0.85401,4.4701,2.953,2.8265,2.7488,2.6945,2.6543,0.23
301,0.00320469,125.89,234.77,333.76,425.47,505.83,4614.8,1977.5,1785.0,1622.7,1479.2,1317.4,0.23
302,0.00214095,92.302,174.6,251.18,323.89,390.9,3083.0,1466.1,1349.2,1255.4,1172.7,1098.5,0.19
303,0.000498588,23.309,45.894,68.07,90.239,111.71,717.97,379.36,370.25,363.55,357.56,351.94,0.19
304,0.017361,1475.0,2698.9,3450.6,4070.5,4591.1,25000.0,25000.0,14526.0,11825.0,9997.3,8535.0,0.23
305,0.000380632,17.206,33.6,49.641,65.667,81.2,548.11,277.97,268.75,262.96,258.49,254.64,0.22
306,0.00168661,74.632,145.93,214.16,280.52,343.05,2428.7,1223.2,1168.8,1118.5,1070.4,1025.0,0.2
307,0.00127249,53.436,102.56,149.27,194.62,237.36,1832.4,858.36,805.38,765.63,731.41,700.76,0.23
308,0.000382504,17.691,35.161,52.37,69.634,86.414,550.81,292.93,286.39,282.11,278.45,275.08,0.17
309,0.00280442,107.32,204.18,294.37,379.83,458.36,4038.4,1714.9,1587.9,1478.5,1378.5,1287.3,0.2
310,0.00108645,50.346,98.622,145.02,190.43,233.51,1564.5,826.6,791.41,760.69,732.34,706.26,0.17
311,0.000881522,39.258,75.862,110.71,144.57,176.51,1269.4,636.26,600.07,571.23,546.11,523.73,0.22
312,0.000592357,28.348,55.235,81.246,106.91,131.48,853.0,459.59,440.77,426.4,413.95,402.75,0.21
313,0.00568519,196.04,360.19,498.41,614.47,713.9,8186.7,3009.9,2593.5,2169.7,1872.0,1630.0,0.23
314,0.000491701,21.528,41.522,60.893,80.119,98.662,708.05,344.39,327.77,317.56,310.1,303.97,0.23
315,0.000181098,8.4594,16.714,24.844,33.018,40.988,260.78,138.94,135.32,133.28,131.84,130.66,0.18
316,0.00205128,73.653,138.98,200.47,259.54,313.91,2953.9,1150.9,1071.0,1008.0,952.79,891.29,0.18
317,0.00475297,159.35,294.86,410.76,510.27,596.9,6844.3,2463.7,2147.9,1828.3,1605.0,1420.2,0.25
318,0.000292257,13.287,26.42,39.393,52.445,65.164,420.85,219.59,215.29,212.68,210.51,208.5,0.23
319,0.00236837,110.08,212.28,307.64,398.06,481.14,3410.5,1799.3,1675.5,1563.4,1458.3,1361.9,0.23
320,0.00287393,129.42,245.72,352.82,453.14,544.29,4138.5,2075.9,1906.6,1755.8,1618.1,1494.2,0.22
321,0.000197807,9.724,19.423,29.041,38.746,48.229,284.84,161.02,158.99,157.67,156.53,155.47,0.17
322,0.00163966,68.631,131.92,192.01,250.16,304.72,2361.1,1104.3,1037.5,985.03,937.86,894.57,0.23
323,0.000853044,35.932,69.94,102.7,134.9,165.6,1228.4,584.68,557.51,537.02,519.31,503.35,0.21
324,0.000653028,33.559,66.125,97.747,129.0,158.92,940.37,552.3,533.86,518.4,504.03,490.51,0.25
325,0.00130723,59.134,113.32,164.6,214.1,260.45,1882.4,947.3,888.37,840.64,798.28,759.97,0.26
326,0.00136622,51.796,100.52,147.18,192.64,235.58,1967.4,838.36,798.82,764.83,733.27,703.9,0.26
327,0.000754386,37.969,74.823,110.56,145.84,179.58,1086.3,625.97,604.16,585.92,569.01,553.16,0.19
328,0.00186611,86.832,165.27,238.28,307.67,371.72,2687.2,1398.2,1285.8,1196.9,1119.3,1050.0,0.21
329,0.000172857,9.1822,18.305,27.338,36.442,45.333,248.92,151.74,149.55,148.08,146.85,-145.74,0.22
330,0.000111754,5.43,10.817,16.166,21.575,26.87,160.93,89.454,88.308,87.7,87.227,86.803,0.2
331,0.00194875,75.026,140.81,199.93,255.75,305.92,2806.2,1175.7,1050.6,969.27,900.27,822.48,0.18
332,3.92528e-05,1.9845,3.9712,5.9515,7.9602,9.9331,56.524,32.793,32.567,32.465,32.398,32.342,0.2
333,0.000550636,22.783,43.919,64.379,84.646,104.14,792.92,364.66,346.5,335.4,326.89,319.58,0.22
334,0.00253712,91.854,171.96,246.5,317.21,380.96,3653.5,1434.0,1313.3,1221.9,1140.5,1045.0,0.2
335,0.00181968,72.004,135.9,195.65,252.82,306.0,2620.4,1136.9,1047.5,979.47,922.1,871.75,0.18
336,0.00027386,15.994,32.082,47.945,63.855,79.307,394.36,268.38,263.73,260.05,256.61,253.33,0.25
337,0.000377715,16.687,32.98,49.013,65.072,80.657,543.91,272.64,267.1,262.83,259.02,255.49,0.17
338,0.000199768,10.958,21.973,32.885,43.88,54.609,287.67,182.96,180.59,178.87,177.34,175.9,0.17
339,0.00211717,81.344,154.45,222.78,287.91,348.18,3048.7,1293.6,1198.5,1120.1,1050.5,988.1,0.2
340,0.00112746,55.101,106.47,155.16,202.23,246.39,1623.5,895.96,842.1,798.18,759.16,724.06,0.21
341,8.11531e-05,4.2545,8.5353,12.798,17.116,21.35,116.86,70.697,70.178,69.878,69.64,69.425,0.23
342,0.00148105,60.436,116.73,170.4,222.52,271.62,2132.7,973.45,922.91,879.83,840.64,804.82,0.22
343,0.00154529,54.038,101.08,144.25,185.09,222.8,2225.2,833.58,754.24,707.67,658.77,618.18,0.25
344,0.00117139,55.335,108.58,159.88,210.18,257.96,1686.8,910.91,872.84,841.05,811.27,783.28,0.17
345,0.00143538,68.736,132.43,192.39,249.93,303.52,2067.0,1117.6,1044.1,982.98,928.11,878.51,0.23
346,0.00326057,130.19,242.61,342.37,434.88,515.81,4695.3,2013.9,1793.0,1635.4,1492.0,1326.7,0.23
347,0.000210312,8.6489,16.902,25.043,33.248,41.267,302.85,139.22,135.29,133.47,132.34,131.46,0.22
348,0.000637416,31.621,62.585,92.792,122.78,151.63,917.88,522.63,507.62,495.2,483.71,472.97,0.21
349,0.00107068,47.382,92.186,135.39,177.82,218.24,1541.8,767.67,734.49,708.22,684.48,662.52,0.19
350,0.00130265,61.351,119.44,174.74,228.33,278.69,1875.8,1003.6,952.28,906.61,864.34,825.52,0.2
351,0.000777736,36.262,71.683,106.22,140.47,173.35,1119.9,596.92,580.67,566.2,552.34,539.15,0.19
352,0.00221681,82.555,157.0,227.0,294.13,356.6,3192.2,1310.8,1220.4,1147.6,1082.8,1024.1,0.22
353,0.0002442,12.464,24.815,36.99,49.21,61.093,351.65,206.32,202.47,199.59,197.09,194.81,0.22
354,1.48645e-05,0.80227,1.5675,2.3142,3.0596,3.783,21.405,13.03,12.544,12.241,12.024,11.859,0.24
355,0.000313791,11.535,22.299,32.919,43.619,54.069,451.86,181.78,176.47,174.1,172.58,171.31,0.23
356,0.000448752,15.463,28.896,41.788,54.631,67.069,646.21,232.5,217.35,211.35,207.15,203.89,0.22
357,0.000916781,43.046,84.764,125.25,165.22,203.46,1320.2,707.23,683.89,663.67,644.69,626.86,0.17
358,0.00254677,110.54,207.1,294.71,375.9,449.09,3667.4,1760.0,1582.9,1436.3,1309.4,1199.9,0.17
359,0.00453961,183.97,341.13,473.46,591.24,685.78,6537.1,2900.6,2479.5,2169.3,1804.6,1549.9,0.24
360,0.017361,1122.9,1911.0,2459.7,2858.8,3202.2,25000.0,16837.0,11569.0,7905.8,6139.3,5628.4,0.2
361,0.000212864,10.558,21.014,31.361,41.785,51.959,306.53,174.22,171.41,169.61,168.13,166.79,0.18
362,0.00179537,76.142,145.18,209.45,270.52,326.88,2585.4,1226.1,1131.7,1053.7,984.9,923.96,0.2
363,0.00343199,132.13,246.47,350.61,447.19,531.48,4942.1,2071.2,1874.4,1707.2,1557.8,1381.8,0.21
364,5.72838e-05,2.8375,5.6714,8.4929,11.353,14.16,82.489,46.892,46.457,46.254,46.128,46.028,0.25
365,0.00186947,78.287,150.73,219.03,284.56,345.49,2692.1,1265.7,1187.6,1119.7,1056.9,998.97,0.25
366,0.00173585,75.013,143.19,205.78,265.52,320.89,2499.6,1196.8,1095.3,1026.1,963.55,907.65,0.17
367,0.0011718,54.382,105.76,155.01,203.08,248.59,1687.4,884.04,842.31,807.33,775.38,745.95,0.19
368,0.00211815,82.183,153.48,219.65,282.46,340.32,3050.2,1279.3,1168.9,1084.7,1013.1,948.53,0.21
369,0.00334189,132.53,251.36,360.14,461.38,552.65,4812.4,2137.3,1948.0,1783.2,1633.0,1496.2,0.26
370,0.00159628,59.216,112.66,163.03,211.61,257.12,2298.7,943.09,876.05,825.9,783.49,746.05,0.21
371,0.00245169,103.25,197.04,283.72,365.22,439.54,3530.5,1668.6,1537.5,1421.1,1314.5,1218.4,0.26
372,0.00122705,57.718,113.14,166.29,218.16,267.2,1767.0,951.47,908.47,871.37,836.58,803.94,0.26
373,0.00140538,63.426,124.04,181.94,238.19,291.15,2023.8,1046.4,993.7,949.08,907.3,868.26,0.21
374,0.00117523,42.675,82.252,120.27,157.57,193.11,1692.3,684.89,648.81,623.19,601.72,582.61,0.18
375,3.05745e-05,1.69,3.3523,5.0035,6.6761,8.318,44.028,27.709,27.25,27.07,26.977,26.917,0.21
376,0.0025541,107.24,202.06,288.98,370.17,443.78,3677.9,1707.5,1554.5,1424.9,1309.4,1206.8,0.22
377,0.00158438,67.006,128.01,185.73,241.44,293.63,2281.5,1069.6,1000.1,946.15,898.62,855.56,0.24
378,9.45252e-05,5.2835,10.57,15.826,21.144,26.357,136.12,87.673,86.665,86.157,85.784,85.455,0.26
379,0.00112027,48.071,92.612,135.04,176.29,215.22,1613.2,774.91,730.18,695.57,665.35,638.21,0.21
380,0.000723786,30.969,61.101,90.596,119.97,148.31,1042.3,507.31,493.97,483.52,473.8,464.58,0.21
381,0.00224964,73.926,127.98,172.65,213.58,250.62,3239.5,1066.6,835.18,732.25,660.21,607.24,0.24
382,0.00134374,56.732,110.05,160.93,210.37,256.98,1935.0,922.32,874.07,834.03,797.53,764.01,0.24
383,0.000573682,26.354,52.321,77.721,103.01,127.39,826.11,437.39,425.68,416.4,407.8,399.68,0.26
384,0.00482605,161.27,298.98,422.77,530.39,624.67,6949.6,2517.9,2257.6,1956.5,1735.7,1545.6,0.24
385,0.00280407,105.31,199.04,286.07,368.41,443.15,4037.9,1669.7,1536.6,1426.7,1328.1,1225.1,0.19
386,0.000364984,17.994,35.715,53.147,70.607,87.55,525.58,297.07,290.5,285.77,281.62,277.75,0.22
387,0.00376622,151.63,281.09,392.65,491.82,576.7,5423.4,2371.8,2050.8,1828.8,1599.4,1391.5,0.18
388,0.000227436,11.502,23.036,34.449,45.938,57.14,327.51,191.62,189.09,187.1,185.3,183.64,0.19
389,0.000675294,32.078,62.44,91.761,120.7,148.43,972.43,522.65,497.73,480.68,466.74,454.53,0.25
390,0.000877077,37.659,72.887,106.63,139.64,170.98,1263.0,609.66,577.51,553.22,532.4,513.76,0.2
391,0.00386785,127.93,238.17,335.38,422.1,499.7,5569.7,1980.5,1757.0,1546.4,1398.7,1272.1,0.17
392,0.00155627,54.403,102.22,147.16,190.91,231.72,2241.0,831.0,771.52,736.79,705.64,668.99,0.2
393,0.0018203,75.186,144.17,209.21,271.74,330.1,2621.3,1212.5,1130.9,1066.2,1008.7,956.58,0.25
394,0.000105891,5.1895,10.276,15.316,20.406,25.385,152.48,84.698,83.379,82.632,82.087,81.632,0.21
395,0.00184651,85.345,166.0,242.19,315.35,383.44,2659.0,1404.3,1322.2,1249.0,1180.1,1116.2,0.19
396,0.000701595,29.707,57.086,83.364,109.19,133.86,1010.3,475.68,448.84,430.79,416.53,404.38,0.26
397,0.00221063,92.446,176.62,254.84,328.87,396.87,3183.3,1493.9,1380.0,1282.3,1194.0,1114.8,0.24
398,0.00204067,82.626,161.46,236.61,309.39,377.68,2938.6,1359.4,1292.4,1231.8,1173.9,1119.5,0.17
399,0.0013075,55.391,107.22,156.34,203.78,248.28,1882.8,903.55,849.73,805.1,765.27,729.39,0.25
400,0.0012075,55.976,109.4,160.67,210.73,258.09,1738.8,915.78,875.83,840.52,807.4,776.43,0.23
401,0.00401875,158.77,295.29,413.39,518.41,608.06,5787.0,2472.9,2166.9,1936.0,1693.9,1469.7,0.25
402,0.000331644,16.628,32.886,48.875,64.897,80.456,477.57,273.04,266.52,262.12,258.42,255.07,0.19
403,0.00139045,59.568,115.69,169.42,221.84,271.4,2002.3,968.75,920.03,880.85,845.38,812.59,0.2
404,0.00213553,84.904,159.87,227.04,290.01,346.62,3075.2,1341.8,1197.1,1101.1,1015.7,928.09,0.26
405,0.00296314,112.44,211.39,302.42,387.76,463.7,4266.9,1776.7,1622.1,1492.3,1376.5,1244.9,0.21
406,0.00251419,102.91,194.51,278.79,357.85,429.88,3620.5,1647.2,1501.6,1381.6,1275.2,1180.9,0.19
407,0.000148139,8.1359,16.279,24.36,32.525,40.513,213.32,135.26,133.49,132.49,131.69,130.96,0.17
408,0.00063899,29.9,57.875,85.078,112.07,138.04,920.15,477.42,458.61,445.94,435.34,425.78,0.18
409,0.00112533,52.618,103.03,151.53,199.02,244.09,1620.5,864.11,826.38,795.12,766.05,738.83,0.24
410,0.000555319,26.061,51.747,76.902,101.97,126.18,799.66,432.23,421.08,412.38,404.36,396.81,0.19
411,0.00431524,160.17,300.54,422.56,533.12,625.73,6214.0,2531.6,2231.0,2000.3,1712.9,1518.2,0.21
412,0.00100038,42.848,83.941,123.53,162.36,199.29,1440.6,703.2,673.65,648.96,626.34,605.42,0.2
413,0.000839304,40.499,79.881,118.06,155.71,191.7,1208.6,669.06,645.61,625.84,607.35,589.93,0.26
414,0.00523826,173.88,316.64,436.57,538.79,627.48,7543.1,2656.1,2236.1,1891.0,1648.7,1454.0,0.24
415,0.0017057,67.576,131.1,191.75,250.68,306.17,2456.2,1094.7,1041.3,994.31,950.45,909.68,0.23
416,0.000276142,13.958,27.762,41.401,55.117,68.479,397.65,230.23,226.3,223.59,221.23,219.04,0.23
417,0.000335762,16.679,32.979,48.969,64.955,80.45,483.5,274.45,267.21,262.13,257.84,254.01,0.18
418,0.00164795,68.119,131.01,190.48,247.76,301.29,2373.1,1096.6,1031.0,974.85,923.87,877.58,0.17
419,0.000892531,41.114,80.948,119.42,157.23,193.23,1285.3,679.5,653.03,630.66,609.79,590.24,0.26
420,0.000786023,36.908,72.401,106.64,140.3,172.4,1131.9,608.01,581.86,561.3,542.97,526.21,0.2
421,0.00341732,130.07,242.43,344.41,438.15,519.45,4921.0,2044.1,1841.9,1671.8,1511.9,1332.9,0.24
422,0.00149884,72.571,139.06,201.27,260.67,315.74,2158.3,1175.3,1089.9,1019.9,958.02,902.74,0.19
423,0.000117538,5.2061,10.008,14.662,19.326,23.868,169.26,82.028,77.93,76.303,75.23,74.463,0.26
424,0.00105436,37.116,70.91,103.45,135.44,165.95,1518.3,582.17,554.0,533.47,515.92,500.14,0.21
425,0.000460235,22.469,44.573,66.258,87.916,108.88,662.74,371.62,362.37,355.48,349.33,343.6,0.2
426,0.000158092,8.0467,16.045,23.975,31.981,39.808,227.65,132.95,131.12,130.01,129.12,128.32,0.18
427,0.00174692,78.598,151.53,220.37,286.49,348.1,2515.6,1272.1,1195.7,1128.4,1066.5,1010.1,0.25
428,0.00143624,49.694,91.981,130.77,167.45,201.57,2068.2,752.49,677.75,635.84,591.6,559.33,0.21
429,0.0045416,185.58,344.76,479.36,596.21,694.2,6540.0,2928.8,2513.9,2206.5,1884.6,1606.4,0.2
430,0.00214546,76.68,144.69,207.17,266.74,320.78,3089.5,1201.0,1091.8,1024.3,960.67,885.94,0.17
431,0.00243221,105.35,198.96,285.48,366.96,441.43,3502.4,1674.0,1534.6,1418.3,1314.3,1220.9,0.19
433,0.00331519,104.77,188.29,260.39,326.98,387.19,4773.9,1558.7,1315.7,1182.0,1073.9,987.21,0.18
434,0.000263952,12.458,24.725,36.849,49.054,60.956,380.09,205.07,201.09,198.76,196.85,195.12,0.21
435,5.48076e-06,0.32103,0.63245,0.94033,1.2513,1.556,7.8923,5.2214,5.1052,5.0472,5.0151,4.9963,0.2
436,0.00172373,71.323,135.15,194.37,250.55,302.36,2482.2,1141.5,1046.3,970.85,906.14,849.43,0.24
437,0.000800402,37.336,73.473,108.48,143.01,176.03,1152.6,615.87,592.41,573.84,556.98,541.34,0.24
438,0.000831927,33.967,64.335,93.479,122.13,149.48,1198.0,529.29,497.85,477.77,462.07,448.47,0.22
439,0.00218987,77.188,145.65,208.52,267.94,322.46,3153.4,1211.5,1098.5,1030.7,958.38,893.75,0.18
440,0.00116029,46.957,91.397,134.28,176.43,216.57,1670.8,759.4,728.53,703.04,679.76,658.12,0.18
441,0.00206394,82.763,155.98,222.82,286.24,344.68,2972.1,1288.9,1175.0,1095.6,1023.0,957.96,0.22
442,0.000482013,25.58,50.745,75.372,99.892,123.54,694.1,422.99,412.53,403.73,395.48,387.68,0.18
443,0.00187675,68.991,130.22,185.95,238.94,286.98,2702.5,1084.4,981.17,913.73,854.6,787.62,0.2
444,0.00223345,83.61,157.34,225.82,290.75,349.76,3216.2,1315.3,1208.6,1122.6,1047.3,967.3,0.26
445,0.00484327,171.16,316.75,442.2,550.81,641.35,6974.3,2670.5,2303.1,1964.3,1689.3,1484.4,0.25
446,0.00166865,71.738,138.44,201.62,262.52,319.45,2402.9,1160.9,1093.4,1035.7,982.39,933.18,0.23
447,0.00152391,63.882,122.61,178.14,231.7,281.83,2194.4,1029.2,962.77,910.26,863.84,821.96,0.23
448,0.017361,1475.0,3000.0,4300.0,5161.1,5808.8,25000.0,25000.0,25000.0,18691.0,13888.0,10618.0,0.26
449,0.00117646,54.728,106.03,154.98,202.61,247.6,1694.1,891.23,841.04,802.37,768.32,737.51,0.25
450,0.000623377,27.561,54.285,80.329,106.18,131.07,897.67,452.25,438.09,426.94,417.02,407.88,0.21
451,0.00173987,75.168,143.39,207.34,268.49,325.21,2505.4,1203.5,1118.3,1048.5,986.19,929.87,0.23
452,0.00429911,138.64,249.01,341.07,423.94,497.04,6190.8,2081.5,1721.9,1509.2,1336.6,1198.3,0.21
453,0.000455654,24.131,48.34,72.147,95.951,119.0,656.15,404.5,396.86,390.28,383.93,377.81,0.26
454,0.00326031,119.18,219.22,302.77,376.56,440.87,4694.9,1847.4,1580.3,1369.6,1190.1,1054.3,0.2
455,0.00483299,173.79,317.93,439.21,540.54,627.35,6959.6,2676.1,2271.3,1899.9,1634.5,1423.1,0.25
456,0.00265233,96.99,181.25,258.41,329.64,392.81,3819.4,1523.4,1381.2,1265.0,1148.9,1035.6,0.25
457,0.00278267,109.85,206.25,295.03,378.38,453.98,4007.1,1729.9,1580.3,1455.5,1344.4,1239.3,0.22
458,6.37795e-06,0.3904,0.78004,1.1682,1.562,1.9492,9.1843,6.4645,6.3876,6.3627,6.3527,6.3477,0.25
459,0.00172359,78.563,150.89,218.78,283.7,343.9,2482.0,1274.1,1185.7,1113.0,1047.1,986.93,0.24
460,0.000579447,25.24,49.355,72.792,96.046,118.43,834.41,411.22,395.33,384.21,375.07,366.97,0.25
461,0.00396363,139.96,265.35,380.96,487.8,582.67,5707.7,2232.5,2055.6,1895.2,1723.3,1555.2,0.2
462,1.00153e-05,0.52491,1.0029,1.4629,1.9168,2.3528,14.422,8.2829,7.8358,7.541,7.321,7.1481,0.17
463,0.00303794,122.51,229.7,327.3,417.84,498.14,4374.7,1940.3,1757.1,1600.0,1460.3,1316.4,0.18
464,0.00132764,58.826,113.79,166.15,217.0,264.91,1911.8,952.63,900.98,858.41,820.17,785.39,0.23
465,0.000709884,34.787,68.457,101.1,133.34,164.19,1022.2,572.65,551.96,535.2,519.93,505.76,0.22
466,0.00177286,76.972,148.15,214.97,278.85,338.09,2552.9,1249.0,1166.9,1095.4,1030.2,971.12,0.21
467,0.0042727,160.22,299.41,421.28,529.88,624.27,6152.7,2502.4,2215.5,1997.9,1751.6,1547.4,0.24
468,0.00256461,113.81,217.67,314.24,405.52,489.18,3693.1,1835.7,1702.6,1583.0,1472.3,1371.4,0.23
469,0.00040174,19.084,37.669,55.878,74.056,91.648,578.51,312.79,304.66,298.51,293.2,288.39,0.2
470,0.000347762,19.148,38.286,57.132,76.005,94.31,500.78,319.52,313.73,308.95,304.41,300.07,0.26
471,0.000455165,20.206,39.556,58.439,77.258,95.455,655.44,328.58,317.21,309.56,303.53,298.32,0.24
472,0.000590686,25.533,49.599,73.046,96.371,118.88,850.59,410.19,394.52,384.38,376.21,368.95,0.23
473,0.000358908,15.289,30.171,44.753,59.329,73.462,516.83,251.11,243.97,239.05,235.1,231.69,0.19
474,0.000937567,43.468,83.609,121.91,159.21,194.47,1350.1,696.75,658.05,627.86,601.59,578.05,0.24
475,0.000247527,12.789,25.265,37.465,49.641,61.431,356.44,211.28,204.52,200.01,196.39,193.27,0.26
476,0.00235263,84.084,159.23,229.46,296.43,357.48,3387.8,1334.0,1232.0,1151.3,1080.0,1000.9,0.23
477,0.017361,1475.0,3000.0,4241.2,5096.4,5770.6,25000.0,25000.0,25000.0,17852.0,13794.0,11052.0,0.19
478,0.00123383,56.442,110.06,161.23,210.92,257.7,1776.7,923.25,879.0,838.86,801.4,766.87,0.25
479,0.000280102,13.329,26.307,39.091,51.927,64.417,403.35,218.11,212.75,209.57,207.04,204.75,0.25
480,0.0003227,15.156,29.81,44.175,58.551,72.507,464.69,247.9,240.22,235.5,231.87,228.78,0.17
481,0.00488983,165.99,294.05,399.65,488.68,564.99,7041.4,2443.0,1982.1,1660.5,1436.0,1250.8,0.26
482,0.000869938,37.196,72.47,106.55,140.12,172.2,1252.7,603.98,578.25,558.67,541.55,525.9,0.22
483,0.00235484,102.99,198.42,287.69,372.53,450.66,3391.0,1673.7,1564.4,1463.4,1368.4,1280.9,0.26
484,0.00279156,107.36,202.68,290.61,373.16,447.3,4019.9,1701.7,1562.5,1441.5,1331.4,1215.4,0.26
485,0.00143868,60.482,116.47,169.58,221.01,269.36,2071.7,978.23,917.86,870.67,829.51,792.54,0.18
486,0.00121761,52.341,102.28,150.52,197.95,243.12,1753.4,852.54,818.66,790.84,764.93,740.54,0.2
487,0.00281562,110.25,207.89,298.13,383.11,460.61,4054.5,1745.3,1600.7,1479.4,1370.6,1270.6,0.19
488,0.00203921,81.402,156.3,226.87,294.53,357.41,2936.5,1307.5,1227.8,1157.0,1091.2,1030.8,0.21
489,3.53008e-05,2.0573,4.1249,6.1826,8.2676,10.314,50.834,34.219,33.895,33.733,33.629,33.55,0.26
490,4.45603e-05,2.4589,4.8934,7.3099,9.7554,12.154,64.167,40.578,39.909,39.615,39.444,39.319,0.24
491,0.00292972,113.29,212.34,302.71,386.66,460.51,4218.8,1789.3,1623.9,1481.5,1354.0,1210.6,0.26
492,0.00114727,48.763,93.0,134.27,174.17,211.61,1652.1,767.19,713.24,676.62,643.47,613.79,0.24
493,0.000594604,26.3,50.373,73.554,96.435,118.39,856.24,417.49,394.63,380.01,369.06,359.95,0.26
494,0.00254251,97.2,182.87,262.36,337.59,406.21,3661.2,1528.5,1404.4,1303.1,1213.5,1124.8,0.22
495,0.00216844,76.906,143.84,205.4,263.66,316.92,3122.6,1185.1,1074.4,1009.2,939.59,873.16,0.26
496,0.00216489,84.468,159.31,229.42,296.48,358.78,3117.5,1326.3,1227.0,1149.3,1081.6,1021.3,0.17
497,0.00262267,116.61,218.51,312.03,399.59,479.2,3776.7,1839.1,1670.4,1533.1,1412.3,1305.1,0.2
498,0.00163056,68.264,129.46,186.76,241.56,292.45,2348.0,1085.7,1003.2,939.36,883.88,834.31,0.24
499,0.00302819,121.44,230.99,331.89,426.47,512.44,4360.6,1961.5,1795.8,1654.2,1525.4,1409.4,0.18
500,0.000432404,20.042,39.7,59.036,78.387,97.145,622.67,329.04,322.27,316.98,312.11,307.51,0.2
501,8.99245e-05,4.5132,8.8522,13.126,17.431,21.641,129.49,73.268,71.131,70.06,69.438,69.013,0.22
502,0.000367425,16.425,32.036,47.308,62.563,77.343,529.09,264.6,255.92,250.37,246.04,242.29,0.26
503,0.000819715,42.098,82.85,122.3,161.16,198.24,1180.4,692.73,668.07,646.79,626.73,607.76,0.22
504,0.00403195,144.29,267.7,373.36,467.19,549.39,5806.0,2244.7,1959.5,1732.1,1513.4,1347.5,0.2
505,0.00115177,57.147,111.35,163.15,213.53,261.05,1658.6,934.9,888.58,849.12,812.69,778.94,0.19
506,0.0048919,193.34,358.47,505.62,636.84,748.22,7044.4,3040.6,2707.0,2412.3,2116.4,1825.9,0.21
507,0.00079275,33.472,64.816,95.142,125.1,153.81,1141.6,538.55,513.84,497.14,483.18,470.62,0.24
508,0.0011489,43.425,83.248,121.05,157.71,192.24,1654.4,695.43,652.84,619.77,591.29,565.97,0.25
509,0.017361,1475.0,2606.5,3262.8,3816.3,4297.0,25000.0,25000.0,13515.0,10146.0,8926.0,7880.6,0.18
510,0.000154503,7.154,14.017,20.766,27.542,34.145,222.49,115.48,112.51,110.64,109.29,108.24,0.21
511,0.00453127,163.29,302.36,421.13,525.68,616.47,6525.1,2513.4,2208.6,1947.0,1686.3,1488.4,0.25
512,0.000153094,7.9345,15.864,23.726,31.656,39.404,220.46,131.59,130.0,128.87,127.91,127.02,0.24
513,0.00165502,60.269,115.87,169.0,220.75,269.65,2383.2,965.13,911.55,870.91,834.74,801.53,0.17
514,0.000679784,31.506,61.326,90.07,118.4,145.5,978.9,514.68,488.85,471.22,456.87,444.32,0.21
515,0.00263737,110.02,210.97,305.49,395.52,478.64,3797.8,1776.9,1655.0,1549.5,1452.0,1362.7,0.17
516,0.000811372,36.349,70.795,104.01,136.68,167.85,1168.4,590.7,564.69,544.57,526.91,510.9,0.2
517,0.000172668,9.7872,19.666,29.464,39.346,48.998,248.64,163.68,161.95,160.62,159.39,158.23,0.2
518,0.0012329,56.584,110.08,161.12,210.7,257.4,1775.4,923.1,877.01,836.73,799.61,765.59,0.17
519,0.000177823,9.0254,17.853,26.557,35.313,43.853,256.07,148.12,144.71,142.7,141.22,140.0,0.21
520,0.000789391,32.913,64.054,94.191,123.93,152.39,1136.7,531.73,510.51,494.04,479.62,466.55,0.18
521,0.0012747,58.736,114.6,168.06,220.08,269.16,1835.6,960.19,915.87,876.26,839.12,804.57,0.23
522,0.00059685,26.946,52.021,76.246,100.21,123.24,859.47,432.68,411.06,397.13,386.53,377.58,0.21
523,0.000106376,5.7245,11.347,16.903,22.508,27.989,153.18,94.406,92.174,91.086,90.39,89.854,0.2
524,0.00102962,39.822,76.44,111.45,145.68,178.17,1482.7,636.45,600.29,573.97,552.04,532.72,0.19
525,8.94182e-05,4.9973,10.031,15.043,20.118,25.095,128.76,83.23,82.527,82.155,81.858,81.587,0.18
526,0.00386268,135.86,253.55,360.25,458.03,541.85,5562.3,2133.5,1929.3,1749.3,1528.2,1374.1,0.26
527,0.00115182,56.093,109.3,160.18,209.75,256.59,1658.6,918.16,872.18,834.12,799.57,767.87,0.22
528,0.000812447,31.809,62.207,91.755,121.04,149.2,1169.9,517.19,498.33,484.39,472.4,461.5,0.18
529,0.017361,1475.0,3000.0,4525.0,5513.3,6256.2,25000.0,25000.0,25000.0,25000.0,15940.0,12179.0,0.19
530,0.00534941,156.03,277.45,380.67,474.19,556.0,7703.2,2276.7,1915.5,1692.2,1508.4,1341.1,0.24
531,0.000641874,31.546,62.738,93.257,123.62,152.87,924.3,523.92,511.35,500.31,489.68,479.48,0.26
532,0.00494585,192.78,357.63,503.86,632.8,742.07,7122.1,3044.4,2702.4,2397.3,2079.7,1791.4,0.23
533,0.00194021,79.179,151.95,219.91,284.45,343.89,2793.9,1278.8,1192.9,1114.1,1041.0,974.41,0.26
534,0.00447546,136.84,244.26,335.77,418.88,492.56,6444.7,2022.5,1692.0,1500.2,1340.5,1207.8,0.17
535,0.00160933,72.415,139.82,203.55,264.88,322.1,2317.4,1173.5,1105.0,1044.8,989.14,938.01,0.25
536,0.00162602,66.339,127.27,185.15,241.18,293.79,2341.5,1059.8,998.86,948.87,903.72,862.39,0.17
537,0.000463626,23.236,45.844,67.93,89.916,111.13,667.63,382.04,370.62,362.07,354.61,347.76,0.24
538,0.000588208,29.021,57.241,84.771,112.12,138.45,847.02,477.6,462.61,451.31,441.15,431.66,0.24
539,0.00139756,63.979,125.29,184.21,241.83,296.42,2012.5,1052.6,1005.0,965.95,929.34,894.9,0.18
540,0.00276598,112.24,212.57,305.03,391.77,470.69,3983.0,1797.8,1644.8,1515.8,1399.0,1293.8,0.26
541,0.00126248,51.067,98.469,143.86,188.15,230.05,1818.0,818.11,777.08,744.1,714.33,686.91,0.18
543,0.00161844,74.316,144.13,210.27,274.04,333.66,2330.6,1216.1,1144.4,1084.3,1028.7,977.24,0.22
544,2.2312e-06,0.13569,0.26625,0.3947,0.52379,0.64973,3.2129,2.2023,2.1403,2.1058,2.0821,2.0646,0.19
545,0.00138257,63.497,123.47,180.67,236.12,288.2,1990.9,1033.1,983.21,937.67,894.36,853.83,0.22
546,0.00479211,180.09,330.99,458.02,568.26,663.19,6900.7,2771.6,2386.0,2082.5,1778.1,1556.2,0.22
547,0.0030128,108.32,203.62,291.19,372.35,444.3,4338.5,1717.2,1562.4,1435.6,1309.0,1179.5,0.23
548,0.000404617,16.943,32.489,47.597,62.625,77.141,582.65,266.8,254.85,247.67,242.39,237.98,0.26
549,0.0063883,228.01,412.02,561.02,683.52,786.73,9199.2,3485.4,2875.4,2332.6,1975.9,1691.9,0.19
550,1.38949e-05,0.71133,1.367,2.0018,2.632,3.2406,20.009,11.293,10.748,10.408,10.164,9.9772,0.18
551,0.000670676,28.87,56.102,82.366,108.23,132.97,965.78,468.27,446.43,430.55,417.22,405.45,0.21
552,0.000808733,35.461,68.375,99.929,130.85,160.26,1164.6,570.2,539.59,517.27,498.65,482.27,0.18
553,0.00152563,65.479,127.46,186.85,244.75,299.45,2196.9,1066.2,1016.1,973.6,933.91,896.71,0.19
554,0.017361,1475.0,2645.9,3363.9,3958.8,4459.7,25000.0,25000.0,14291.0,11308.0,9596.5,8211.5,0.24
555,0.00236925,96.933,182.62,259.19,330.83,395.84,3411.7,1534.3,1367.9,1255.2,1155.5,1065.8,0.18
556,0.00265844,106.37,200.72,287.97,370.11,445.14,3828.2,1680.9,1546.7,1430.3,1324.9,1230.0,0.26
557,0.000318773,15.914,31.283,46.259,61.167,75.575,459.04,261.16,251.95,245.52,240.45,236.2,0.19
558,0.0036248,133.5,249.1,350.69,443.35,522.24,5219.8,2071.2,1841.6,1665.4,1445.3,1293.2,0.2
559,0.000696608,37.729,74.897,111.0,146.66,180.78,1003.1,628.86,609.32,591.89,575.17,559.28,0.23
560,0.000122561,5.5807,10.65,15.553,20.435,25.171,176.49,87.968,83.096,80.385,78.737,77.645,0.17
561,0.00109039,42.862,82.95,121.71,159.9,196.38,1570.2,685.67,657.18,635.36,615.95,598.05,0.24
562,0.00405244,150.67,281.66,399.58,505.58,597.24,5835.6,2391.9,2147.3,1933.0,1709.8,1502.5,0.26
563,0.00241273,95.81,180.65,256.05,326.02,387.95,3474.3,1510.4,1354.4,1236.2,1128.5,1015.1,0.26
564,0.0045791,177.17,328.13,457.51,573.34,668.85,6594.0,2751.1,2391.1,2121.1,1792.5,1565.8,0.26
565,0.000265534,12.465,24.486,36.266,48.058,59.51,382.37,203.71,197.06,193.12,190.19,187.73,0.19
566,0.000829873,42.363,84.235,124.84,164.88,203.09,1195.0,709.4,686.43,665.74,645.68,626.52,0.24
567,0.00193096,85.134,164.32,239.06,310.82,377.59,2780.6,1380.9,1298.2,1225.2,1157.3,1094.7,0.18
568,0.00128427,56.446,108.43,157.88,205.85,250.99,1849.4,904.79,852.26,810.64,773.67,740.05,0.23
569,0.0036711,141.05,262.92,369.14,463.78,545.82,5286.4,2199.4,1937.4,1741.3,1526.5,1344.8,0.21
570,0.00355004,128.62,241.16,340.77,430.8,510.02,5112.1,2019.3,1794.0,1632.9,1452.1,1298.7,0.25
571,0.000139053,7.3154,14.593,21.802,29.077,36.19,200.24,121.16,119.31,118.18,117.33,116.6,0.2
572,0.000532729,26.343,52.035,77.137,102.1,126.17,767.14,433.38,421.18,411.51,402.69,394.47,0.22
573,0.00111522,46.314,86.876,124.45,160.22,193.45,1605.9,731.87,664.95,615.9,576.95,544.81,0.23
574,8.48758e-06,0.48122,0.93427,1.3733,1.8088,2.2292,12.222,7.771,7.4272,7.1964,7.0247,6.8918,0.25
575,8.38183e-05,4.335,8.6655,12.968,17.32,21.585,120.7,71.813,70.991,70.526,70.195,69.92,0.23
576,0.00180886,78.128,150.02,217.57,282.21,342.21,2604.8,1261.3,1178.6,1107.4,1042.6,983.54,0.26
577,0.00201022,71.832,136.86,196.81,254.07,306.24,2894.7,1132.5,1046.3,982.74,923.62,855.24,0.26
578,0.000596206,31.032,61.293,90.742,119.91,147.91,858.54,511.91,496.09,482.76,470.47,458.99,0.24
579,0.000518695,25.458,50.798,75.683,100.54,124.58,746.92,424.35,415.41,407.95,400.88,394.17,0.17
580,8.07179e-05,3.8025,7.521,11.213,14.948,18.609,116.23,61.851,60.959,60.525,60.24,60.011,0.21
581,0.00121657,51.357,100.38,147.49,193.58,373.3076761095744,1751.9,840.8,803.66,772.28,743.36,716.57,0.22
582,0.000677305,33.178,65.26,96.387,127.14,156.6,975.33,545.22,525.93,510.29,496.06,482.97,0.22
583,0.000354564,15.745,30.505,44.86,59.173,73.044,510.58,253.26,241.97,235.33,230.84,227.4,0.21
584,0.000210818,10.917,21.804,32.574,43.42,54.0,303.58,181.11,178.47,176.57,174.93,173.44,0.23
585,0.0024001,101.02,191.96,276.08,355.43,428.13,3456.2,1623.2,1490.8,1379.1,1279.8,1191.8,0.26
586,0.000925152,40.349,79.517,117.61,155.29,191.4,1332.2,662.46,642.11,624.5,607.78,591.89,0.25
587,0.017361,1475.0,3000.0,4257.0,5139.5,5834.7,25000.0,25000.0,25000.0,18353.0,14233.0,11398.0,0.22
588,0.000327769,16.243,32.233,47.973,63.755,79.088,471.99,268.07,262.13,258.04,254.55,251.36,0.2
589,0.00166699,70.226,135.65,197.57,257.24,313.01,2400.5,1139.8,1072.6,1015.1,962.39,914.16,0.2
590,0.00168515,62.725,120.37,175.09,228.07,277.82,2426.6,1005.3,945.0,897.12,854.43,815.64,0.23
591,0.00124704,48.445,93.798,137.44,180.25,220.96,1795.8,778.72,743.48,715.52,690.4,667.38,0.2
592,1.04759e-05,0.64705,1.3056,1.9638,2.6324,3.2901,15.085,10.824,10.796,10.789,10.785,10.781,0.25
593,0.000268342,13.501,26.514,39.273,52.048,64.459,386.42,220.22,213.33,209.16,206.05,203.45,0.19
594,0.00662057,235.66,420.86,568.86,688.56,787.16,9533.7,3532.4,2875.6,2305.6,1930.6,1616.5,0.26
595,0.000817825,32.333,62.823,92.028,120.82,148.34,1177.7,519.44,494.57,478.77,464.32,451.17,0.25
596,0.000240244,11.834,23.512,35.056,46.678,58.012,345.95,194.93,191.45,189.25,187.45,185.82,0.18
597,0.00407683,140.15,260.62,368.45,465.34,551.05,5870.7,2192.2,1974.9,1767.7,1562.7,1405.1,0.24
598,0.00121402,43.297,82.214,119.78,156.79,192.17,1748.2,670.25,637.98,615.81,597.03,580.02,0.2
599,0.0015334,68.241,130.61,189.27,245.51,297.85,2208.1,1095.7,1022.4,961.61,907.19,857.96,0.23
600,0.0013281,58.017,112.61,164.48,214.63,261.66,1912.5,946.04,895.01,850.26,808.95,770.97,0.25
601,0.017361,1193.2,2004.6,2531.0,2937.7,3289.5,25000.0,17617.0,11478.0,7779.5,6311.4,5766.1,0.21
602,0.00157969,51.931,94.859,133.45,169.53,203.03,2274.8,772.01,683.15,620.56,581.9,549.19,0.2
603,0.000316704,16.002,31.664,47.088,62.563,77.606,456.06,262.66,256.75,252.85,249.59,246.61,0.21
604,0.000341825,14.741,28.913,42.859,56.851,70.458,492.23,238.39,232.33,228.63,225.68,223.06,0.2
605,0.000251282,13.371,26.822,40.131,53.525,66.575,361.85,223.56,220.51,218.19,216.02,213.94,0.25
606,0.000443651,20.26,39.832,59.027,78.216,96.805,638.86,329.79,320.84,314.69,309.49,304.75,0.22
607,0.00210398,74.262,141.68,205.26,266.4,322.72,3029.7,1185.6,1105.2,1042.2,986.2,923.22,0.17
608,0.00513409,188.96,348.75,482.57,598.41,697.68,7393.1,2931.3,2526.6,2193.8,1868.4,1627.4,0.24
609,0.017361,1475.0,2444.3,3043.8,3550.7,3995.0,25000.0,25000.0,12311.0,9317.9,8175.8,7284.0,0.23
610,0.000576682,25.802,50.781,75.223,99.582,123.11,830.43,421.31,409.49,400.68,392.88,385.67,0.24
611,0.00255229,103.68,193.59,276.0,353.11,423.06,3675.3,1623.4,1473.9,1351.0,1243.6,1146.7,0.2
612,3.81368e-05,1.7311,3.4261,5.1147,6.8277,8.5108,54.917,28.062,27.786,27.681,27.629,27.593,0.26
613,0.00173944,80.066,154.68,224.86,292.1,354.59,2504.8,1309.8,1223.1,1150.5,1084.5,1024.5,0.18
614,1.29249e-05,0.82058,1.6484,2.4736,3.3111,4.1344,18.612,13.684,13.57,13.528,13.508,13.496,0.24
615,0.000811051,34.528,67.354,99.218,130.74,160.99,1167.9,559.95,538.12,522.37,508.49,495.75,0.18
616,0.00543552,192.14,354.66,493.35,610.05,710.41,7827.2,2968.7,2571.5,2175.4,1882.3,1645.3,0.19
617,0.00582671,196.98,355.83,488.82,601.54,698.79,8390.5,2963.8,2486.5,2094.7,1818.0,1594.4,0.26
618,0.00283213,113.23,213.94,304.61,389.65,466.0,4078.3,1782.5,1612.0,1486.3,1371.7,1251.6,0.17
619,0.000593023,27.005,53.192,78.637,103.84,128.06,853.96,445.98,429.3,417.13,406.58,396.95,0.25
620,0.000948973,39.261,76.617,112.75,148.37,182.42,1366.5,639.18,612.4,592.33,574.54,558.18,0.17
621,0.00242443,100.02,190.13,273.71,352.6,424.87,3491.2,1597.5,1477.2,1370.1,1272.5,1184.6,0.22
622,5.89811e-05,3.3307,6.6894,10.031,13.416,16.735,84.933,55.563,55.06,54.786,54.588,54.421,0.22
623,0.000231481,12.162,24.3,36.303,48.387,60.171,333.33,202.46,198.98,196.77,194.91,193.19,0.18
624,0.000585865,29.039,56.691,83.475,109.94,135.29,843.65,472.88,453.31,439.08,426.8,415.62,0.24
625,5.38373e-06,0.28828,0.55027,0.80158,1.0493,1.2872,7.7526,4.5746,4.2949,4.1199,3.9953,3.9004,0.25
626,0.00174395,73.202,140.43,203.86,264.81,321.63,2511.3,1177.7,1102.1,1039.7,983.19,931.44,0.24
627,1.09124e-05,0.65763,1.3202,1.9809,2.6512,3.3098,15.714,10.921,10.861,10.832,10.812,10.797,0.2
628,0.00311736,102.66,190.46,267.26,338.35,402.66,4489.0,1573.2,1401.5,1259.1,1146.6,1054.2,0.21
629,0.00180158,83.668,161.58,234.49,303.92,368.06,2594.3,1370.6,1277.2,1195.2,1119.9,1051.4,0.25
630,0.0016143,64.975,125.2,182.22,237.23,288.73,2324.6,1052.0,987.22,934.77,887.39,844.12,0.24
631,0.000141231,6.917,13.574,20.141,26.759,33.225,203.37,112.12,109.13,107.66,106.73,106.01,0.21
632,0.00237747,98.16,189.52,275.15,356.72,432.03,3423.6,1601.0,1497.7,1403.8,1315.7,1234.6,0.25
633,0.00397602,150.67,279.83,391.35,491.87,576.06,5725.5,2350.0,2048.1,1828.2,1561.1,1380.0,0.24
634,0.000701767,30.173,57.985,84.705,111.0,136.15,1010.6,483.12,455.95,438.02,424.07,412.29,0.17
635,0.000982807,46.034,90.333,133.19,175.39,215.65,1415.3,753.9,726.22,702.56,680.58,660.09,0.18
636,0.00011161,5.2573,10.408,15.515,20.674,25.726,160.72,85.747,84.437,83.717,83.217,82.814,0.19
637,0.017361,1475.0,2861.3,3698.9,4375.5,4937.4,25000.0,25000.0,16173.0,13063.0,10912.0,9212.0,0.18
638,0.00149011,59.629,114.26,165.99,215.94,262.74,2145.8,953.05,895.52,848.06,805.62,767.24,0.21
639,0.000218261,11.669,23.414,35.035,46.735,58.144,314.3,195.25,192.54,190.52,188.71,187.03,0.19
640,0.000640099,33.989,67.39,99.966,132.28,163.34,921.75,562.95,547.57,534.03,521.22,509.13,0.2
641,0.00247095,105.99,203.22,293.92,379.93,458.98,3558.2,1712.6,1593.8,1487.0,1387.3,1295.9,0.22
642,0.000456649,23.744,46.912,69.549,92.087,113.84,657.58,391.27,379.8,371.11,363.51,356.57,0.18
643,0.00220418,85.065,158.82,224.6,286.24,341.04,3174.0,1323.9,1176.1,1078.4,994.09,898.33,0.25
644,0.00526479,201.01,372.4,517.45,642.38,748.94,7581.3,3127.0,2713.3,2377.9,2014.9,1746.9,0.17
645,0.00350855,130.58,244.23,345.32,437.06,518.03,5052.3,2031.6,1814.4,1657.1,1479.7,1327.4,0.2
646,0.00090987,38.581,75.886,112.12,147.92,182.18,1310.2,632.52,611.56,593.98,577.38,561.63,0.23
647,0.000453332,19.336,38.399,57.189,76.025,94.309,652.8,318.14,312.51,308.03,303.8,299.73,0.26
648,0.000346486,14.971,29.575,43.91,58.242,72.133,498.94,245.54,239.42,234.99,231.17,227.71,0.25
649,0.00150628,67.519,131.6,192.65,251.77,307.24,2169.1,1104.5,1050.5,1000.8,953.55,909.38,0.23
650,0.00444591,160.14,293.57,407.38,503.26,585.99,6402.2,2465.5,2107.0,1781.7,1546.5,1356.1,0.24
651,0.000617512,31.517,62.095,91.771,121.1,149.2,889.22,519.18,501.27,486.49,473.07,460.65,0.24
652,0.00379019,137.11,249.99,345.87,432.04,508.06,5457.9,2061.2,1790.5,1571.7,1389.9,1246.2,0.18
653,0.00119535,51.759,99.505,144.99,189.22,230.99,1721.3,831.87,782.71,745.58,713.5,684.73,0.18
654,0.00371331,133.05,246.73,346.47,435.98,515.73,5347.2,2044.1,1810.8,1635.1,1443.7,1307.4,0.24
655,0.00145171,66.07,126.86,184.13,239.15,290.43,2090.5,1065.7,996.53,938.91,887.34,840.66,0.21
656,9.95677e-05,4.9853,9.8807,14.73,19.628,24.423,143.38,81.742,80.253,79.495,79.0,78.611,0.21
657,0.000657311,29.22,57.751,85.666,113.46,140.28,946.53,480.34,467.72,457.63,448.36,439.63,0.19
658,0.002284,96.982,183.3,262.9,337.82,406.31,3289.0,1548.0,1415.0,1305.0,1208.3,1122.8,0.21
659,0.000223996,9.5482,18.824,27.99,37.221,46.231,322.56,155.29,152.07,150.25,148.89,147.7,0.2
660,0.000507727,22.788,44.93,66.521,87.976,108.65,731.13,374.66,363.0,353.94,346.05,338.88,0.25
661,0.000235691,14.189,28.58,42.83,57.177,71.165,339.4,238.73,235.93,233.61,231.41,229.3,0.19
662,0.000422043,19.842,39.317,58.391,77.424,95.836,607.75,328.29,319.26,312.68,306.99,301.84,0.18
663,0.000123404,5.7328,11.224,16.637,22.085,27.405,177.7,92.407,90.014,88.738,87.881,87.201,0.22
664,0.00159162,62.032,118.91,173.05,225.58,275.02,2291.9,989.25,932.49,887.5,847.28,810.36,0.18
665,0.000901915,38.966,74.68,108.96,142.64,174.79,1298.8,620.88,585.47,561.97,543.25,527.04,0.18
666,0.00481216,175.64,323.25,447.46,557.17,652.25,6929.6,2708.1,2337.0,2036.2,1769.4,1558.8,0.21
667,0.000831298,38.11,75.156,111.18,146.8,180.94,1197.1,626.45,607.31,590.52,574.61,559.54,0.21
668,0.0033953,128.9,241.75,344.4,439.53,524.32,4889.3,2045.3,1849.9,1682.8,1534.3,1348.4,0.25
669,0.00335629,136.14,255.75,361.02,457.94,542.21,4833.1,2153.8,1904.7,1725.8,1563.2,1381.5,0.22
670,0.00183501,83.896,162.32,236.42,307.68,374.13,2642.4,1371.2,1285.7,1214.7,1149.4,1089.3,0.17
671,1.24157e-05,0.72837,1.4598,2.1894,2.9299,3.6578,17.879,12.072,11.991,11.96,11.944,11.933,0.23
672,0.000699013,32.382,63.433,93.586,123.42,152.05,1006.6,528.08,509.03,494.3,481.25,469.24,0.17
673,0.017361,1475.0,3000.0,3939.4,4688.5,5321.3,25000.0,25000.0,25000.0,14407.0,12082.0,10374.0,0.17
674,0.000430892,18.506,35.771,52.506,69.115,85.131,620.49,297.04,283.04,274.34,267.88,262.55,0.21
675,0.00106652,40.297,77.435,113.06,147.98,181.22,1535.8,643.64,608.82,583.95,563.27,545.0,0.2
676,0.00205334,86.743,166.44,240.82,311.47,376.56,2956.8,1406.6,1306.6,1219.3,1139.5,1067.1,0.18
677,0.00524715,190.91,346.44,476.17,584.28,676.67,7555.9,2886.6,2448.9,2033.0,1743.7,1514.7,0.22
678,0.000583568,24.044,46.787,68.838,90.643,111.57,840.34,387.73,372.83,361.49,351.71,342.98,0.17
679,0.00189856,80.835,157.05,229.46,299.41,364.91,2733.9,1320.8,1249.5,1186.9,1128.3,1073.7,0.19
680,0.00177546,78.374,151.07,219.68,285.59,347.0,2556.7,1269.7,1191.7,1124.7,1063.2,1006.7,0.2
681,0.00503415,170.15,308.99,426.1,525.96,612.69,7249.2,2586.8,2170.2,1847.7,1610.7,1421.8,0.17
683,1.41857e-05,0.69157,1.3234,1.9409,2.5635,3.1731,20.428,10.787,10.27,10.122,10.042,9.9933,0.21
684,0.00189111,71.252,133.17,190.69,245.41,295.25,2723.2,1111.5,1015.0,942.88,882.64,817.01,0.2
685,0.00294723,102.8,192.4,275.08,351.1,419.47,4244.0,1606.6,1469.0,1355.4,1226.0,1120.9,0.19
686,0.00115112,53.811,104.79,153.66,201.36,246.51,1657.6,879.38,835.77,801.05,769.45,740.12,0.23
687,0.00144578,60.232,115.97,168.89,220.15,268.35,2081.9,973.35,913.7,867.5,826.87,790.21,0.21
688,0.00276394,89.712,171.02,245.41,314.54,377.74,3980.1,1414.6,1308.2,1219.4,1115.1,1036.0,0.25
689,0.00304557,123.94,230.97,323.32,406.26,477.47,4385.6,1955.1,1695.8,1514.0,1337.8,1167.2,0.19
690,0.000575616,24.457,48.233,71.532,94.777,117.25,828.89,400.51,389.77,381.94,374.93,368.36,0.17
691,0.000436679,20.864,41.506,61.796,82.089,101.75,628.82,345.79,338.39,332.62,327.3,322.28,0.23
692,0.000269636,13.693,27.134,40.368,53.646,66.556,388.28,225.42,220.35,216.96,214.16,211.64,0.22
693,0.000529961,20.231,39.213,57.716,76.142,93.948,763.15,323.24,311.18,303.32,297.19,291.91,0.25
694,0.00181514,78.945,149.95,216.28,279.55,338.16,2613.8,1259.5,1164.0,1087.5,1020.5,960.69,0.21
695,0.000506372,22.849,45.234,67.231,89.222,110.52,729.18,375.0,366.97,360.6,354.7,349.09,0.23
696,0.0015962,69.625,135.32,197.99,258.8,315.98,2298.5,1133.5,1077.0,1027.3,980.79,937.37,0.18
697,0.00350468,123.16,232.25,332.53,424.51,506.62,5046.8,1961.0,1788.4,1643.8,1483.6,1346.0,0.24
698,0.000386751,19.487,38.663,57.468,76.247,94.419,556.93,322.2,314.36,308.29,302.89,297.89,0.22
699,0.000535567,20.13,38.873,57.212,75.529,93.271,771.22,317.8,307.26,300.65,295.43,290.85,0.21
700,0.00117816,44.309,85.685,125.54,164.67,201.94,1696.6,711.33,678.29,653.31,631.22,611.02,0.17
701,0.001353,54.075,104.59,152.93,200.06,244.6,1948.3,870.13,828.06,792.58,760.1,730.13,0.25
702,0.017361,1475.0,2600.5,3226.0,3762.2,4235.0,25000.0,25000.0,13418.0,9746.3,8648.3,7750.0,0.19
703,2.11443e-05,1.3229,2.6694,4.0123,5.3748,6.7133,30.448,22.187,22.073,22.015,21.975,21.942,0.18
704,9.94429e-05,4.0414,7.9308,11.787,15.687,19.508,143.2,65.015,63.76,63.219,62.896,62.652,0.26
705,1.01122e-05,0.60843,1.2244,1.8396,2.4645,3.079,14.562,10.127,10.097,10.086,10.079,10.074,0.23
706,0.000509982,19.92,38.688,57.0,75.24,92.864,734.38,319.05,307.67,300.21,294.19,288.93,0.18
707,0.00144389,55.224,104.59,150.04,193.71,234.52,2079.2,870.25,792.58,745.17,704.37,668.95,0.21
708,0.00147818,63.448,122.02,177.52,231.14,281.42,2128.6,1022.5,960.15,909.85,864.91,824.23,0.2
709,0.000881356,34.863,67.312,98.779,129.91,159.76,1269.2,554.64,531.94,515.85,502.04,489.43,0.21
710,5.58551e-05,3.0534,6.1498,9.2382,12.37,15.445,80.432,50.963,50.761,50.629,50.515,50.408,0.21
711,0.00116168,45.935,88.993,130.54,171.37,210.24,1672.8,736.01,705.86,681.18,658.47,637.2,0.26
712,0.00390125,141.53,258.74,358.41,447.82,526.58,5617.8,2155.6,1857.0,1633.9,1442.2,1291.0,0.23
713,0.00386206,120.88,216.9,299.82,376.04,444.58,5561.4,1791.0,1515.5,1359.4,1229.4,1123.6,0.18
714,7.7844e-06,0.40301,0.77377,1.134,1.4928,1.8405,11.21,6.3641,6.0781,5.9054,5.7869,5.6996,0.23
715,0.000770258,25.803,49.803,73.254,96.637,119.24,1109.2,408.05,393.45,384.45,377.15,370.61,0.17
716,0.000136914,6.0301,11.861,17.635,23.468,29.18,197.16,97.562,95.587,94.659,94.083,93.635,0.26
717,0.000382958,18.748,37.122,55.145,73.159,90.611,551.46,309.22,301.21,295.46,290.55,286.1,0.25
718,0.00560575,206.75,378.93,523.17,641.9,742.87,8072.3,3198.7,2710.8,2251.3,1915.1,1655.2,0.18
719,0.0039292,153.97,288.08,405.37,510.95,601.87,5658.1,2410.2,2134.4,1922.8,1702.9,1490.4,0.19
720,0.000584771,26.475,51.769,76.448,101.0,124.66,842.08,428.82,414.66,404.58,395.93,387.98,0.26
721,0.00366309,143.85,268.42,377.21,475.38,559.79,5274.9,2246.3,1980.8,1783.4,1583.4,1383.8,0.23
722,0.000419995,21.124,41.873,62.249,82.62,102.35,604.8,348.25,340.15,334.04,328.56,323.44,0.17
723,0.00170179,62.041,112.66,156.71,197.37,234.45,2450.6,925.0,803.82,722.13,655.76,607.87,0.24
724,0.000147676,6.5436,12.908,19.22,25.599,31.843,212.65,106.06,104.33,103.49,102.88,102.36,0.2
725,0.000468875,24.421,48.806,72.774,96.737,119.94,675.18,408.44,399.75,392.92,386.49,380.35,0.19
726,0.00200503,84.391,162.51,235.94,306.16,371.26,2887.3,1367.3,1280.6,1203.8,1132.6,1067.2,0.25
727,0.00115144,54.451,106.91,157.33,206.65,253.39,1658.1,898.77,859.98,826.63,795.41,766.27,0.26
728,0.0021787,80.181,152.02,217.38,279.23,335.04,3137.3,1261.0,1152.6,1071.5,997.54,914.92,0.22
729,0.000371972,19.639,39.129,58.275,77.412,95.941,535.64,326.89,319.51,313.86,308.67,303.75,0.26
730,0.000334754,14.744,29.235,43.536,57.903,71.883,482.05,241.99,237.55,234.44,231.73,229.19,0.25
731,0.00139282,63.822,124.06,181.4,237.02,289.36,2005.7,1046.9,987.5,939.94,897.15,857.97,0.19
732,4.97151e-06,0.27157,0.52317,0.76686,1.0087,1.2424,7.159,4.3322,4.1245,3.9949,3.9015,3.8299,0.21
733,0.00201519,86.729,167.76,244.35,317.96,386.53,2901.9,1410.9,1328.4,1255.4,1187.3,1124.2,0.17
734,0.000274592,14.293,28.396,42.261,56.158,69.664,395.42,237.27,231.2,227.29,224.16,221.4,0.17
735,0.00369622,128.95,238.76,334.06,420.58,497.42,5322.6,1969.2,1750.7,1562.2,1395.5,1259.7,0.22
736,0.002303,101.12,194.18,281.09,363.59,439.5,3316.3,1636.9,1525.6,1424.7,1330.6,1244.4,0.22
737,0.000232185,11.518,22.932,34.209,45.55,56.601,334.35,190.49,187.13,184.86,182.92,181.17,0.17
738,0.00146139,65.925,126.88,184.37,239.65,291.27,2104.4,1066.2,999.22,942.49,891.7,846.16,0.2
739,0.000813545,34.41,67.339,99.382,131.14,161.66,1171.5,559.45,539.81,525.3,512.3,500.19,0.2
740,0.00573411,194.79,352.7,485.0,596.98,693.68,8257.2,2954.4,2465.0,2084.1,1806.2,1585.2,0.21
741,0.000246109,12.216,24.153,35.932,47.777,59.321,354.4,200.05,195.69,193.09,191.05,189.25,0.23
742,0.000225699,12.422,24.858,37.154,49.529,61.592,325.01,207.07,203.87,201.58,199.6,197.75,0.25
743,0.00141559,59.428,114.69,167.0,217.43,264.56,2038.5,963.15,905.96,857.57,813.3,772.62,0.25
744,0.00242941,87.255,163.26,234.11,301.4,362.11,3498.4,1351.0,1245.9,1161.5,1085.3,995.23,0.23
745,0.000250283,9.079,17.582,25.951,34.365,42.572,360.41,143.84,139.39,137.19,135.72,134.53,0.2
746,0.000187758,9.619,19.09,28.448,37.868,47.055,270.37,158.23,155.26,153.41,151.93,150.62,0.17
747,0.00055548,25.332,50.329,74.837,99.28,122.89,799.9,419.18,409.8,401.77,394.23,387.1,0.23
748,0.000257384,11.301,22.324,33.198,44.129,54.779,370.63,184.52,180.69,178.26,176.31,174.59,0.17
749,0.00151657,51.987,98.632,143.1,186.43,226.95,2183.9,814.26,764.68,728.93,698.87,664.28,0.18
750,0.00109009,56.213,110.47,162.55,213.37,261.44,1569.7,928.35,889.45,853.7,819.78,788.03,0.22
751,0.00337209,134.66,250.86,356.12,453.2,537.87,4855.8,2112.4,1904.9,1725.6,1565.8,1388.0,0.24
752,0.000225145,11.884,23.87,35.751,47.724,59.408,324.21,198.54,196.5,194.76,193.12,191.54,0.24
753,0.000776595,36.28,71.186,104.93,138.18,169.93,1118.3,596.67,572.23,553.21,536.19,520.5,0.21
754,0.00131953,48.998,90.551,127.8,162.68,194.56,1900.1,754.29,661.55,610.59,562.69,522.6,0.17
755,0.000258646,13.104,26.172,39.06,51.992,64.563,372.45,217.85,214.23,211.28,208.58,206.07,0.23
756,0.000882914,37.701,74.672,110.65,146.27,180.42,1271.4,624.57,606.08,589.88,574.46,559.86,0.23
